Protein,Sequence
22328551,MTEEDFVVISTPPVDLKRKLDEVELNGNIVDDSNQTSDSSQAKRAKLEDEAQDGLDYGNTQENGSSMEVKEEEQLQEPKEENQDSVPLVEEVQDPIHADESENKICSVDQPTDDQVKPEDNQQGCIEDVNGGEHQKVIDDDSKEVNDGSSQENGKEENKEVDGEKSQKEVDGTQSTTRRIDVPSSKVGVLIGKGGETIRYLQFNSGAKIQILRDSEADPSSALRPVEIIGSVACIESAEKLISAVIAEAEAGGSPALVARGHPSTHAIGIPEQIEIKVPNDKVGLIIGRGGETIKNMQTRSGARTQLIPQHAEGDGLKERTVRISGDKMQIDIATDMIKDVMNQNARPSSYSGGYNQPAYRPQGPGGPPQWGSRGPHAPHPYDYHPRGPYSSQGSYYNSPGFGGYPPQHMPPRGGYGTDWDQRPPYSGPYNYYGRQGAQSAGPVPPPSGPVPSPAFGGPPLSQVSYGYGQSHGPEYGHAAPYSQTGYQQTYGQTYEQPKYDSNPPMQPPYGGSYPPAGGGQSGYYQMQQPGVRPYGMQQGPVQQGYGPPQPAAAASSGDVPYQGATPAAPSYGSTNMAPQQQQYGYTSSDGPVQQQTYPSYSSAPPSDAYNNGTQTPATGPAYQQQSVQPASSTYDQTGAQQAAAAGYGGQVAPTGGYTYPTSQPAYGSQAAYSQAAPTQTGYEQQPATQAAVYATAPGTAPVKTQSPQSAYAQYDASQVYATPR
79326195,MSIPCLTEETAKTVLRQVEFYFSDSNLPIDDFLKKTVTESEDGLVSLALICSFSKMRGYLKLGDSKGDDIPEDTIKAVADTLRTSSALKISDDGKKVGRSTELLKLEDLIEQLNARTVAASPFSYDVKREDVESFFSQYGKVNSVRMPRHVAESRIFSGVALVEFPTEEDAQNVMKQNLVFAGQELELKPKKEFDNEREKDEVKFANYQPQKGSANQKNGSDHKNNSAYEPDYPKGLIISFTLKRSAEEGTTEQKSSEEPTDKTMEESETKPADTPDADKENTGEVQAEGAEDEDDEKEEKGALATHKDNKDVVLREDLKAVFGKFGDVKFVDFKMGSETGYLRFDEPEASQKARAAAVLANEGGLAVKNFIAVLEPVIGEAEKEYWTLLRSKDRFDKGGRGGR
15232459,MDMMKKRKLDENGNGLNTNGGGTIGPTRLSPQDARKIIERFTTDQLLDLLQEAIVRHPDVLESVRLTADSDISQRKLFIRGLAADTTTEGLRSLFSSYGDLEEAIVILDKVTGKSKGYGFVTFMHVDGALLALKEPSKKIDGRVTVTQLAASGNQGTGSQIADISMRKIYVANVPFDMPADRLLNHFMAYGDVEEGPLGFDKVTGKSRGFALFVYKTAEGAQAALADPVKVIDGKHLNCKLAVDGKKGGKPGMPQAQDGGSGHGHVHGEGMGMVRPAGPYGAAGGISAYGGYSGGPPAHHMNSTHSSMGVGSAGYGGHYGGYGGPGGTGVYGGLGGGYGGPGTGSGQYRMPPSSMPGGGGYPESGHYGLSSSAGYPGQHHQAVGTSPVPRVPHGGMYPNGPPNY
22329999,MAESSKVVHVRNVGHEISENDLLQLFQPFGVITKLVMLRAKNQALLQMQDVSSAVSALQFFTNVQPTIRGRNVYVQFSSHQELTTIEQNIHGREDEPNRILLVTIHHMLYPITVDVLHQVFSPYGFVEKLVTFQKSAGFQALIQYQVQQCAASARTALQGRNIYDGCCQLDIQFSNLEELQVNYNNDRSRDYTNPNLPAEQKGRSSHPCYGDTGVAYPQMANTSAIAAAFGGGLPPGITGTNDRCTVLVSNLNADSIDEDKLFNLFSLYGNIVRIKLLRNKPDHALVQMGDGFQAELAVHFLKGAMLFGKRLEVNFSKHPNITPGTDSHDYVNSNLNRFNRNAAKNYRYCCSPTKMIHLSTLPQDVTEEEVMNHVQEHGAVVNTKVFEMNGKKQALVQFENEEEAAEALVCKHATSLGGSIIRISFSQLQTI
15218779,MAATTGLETLVDQIISVITNDGRNIVGVLKGFDQATNIILDESHERVFSTKEGVQQHVLGLYIIRGDNIGVIGELDEELDASLDFSKLRAHPLKPVVH
15233167,MEYVNPEGLRLDGRRFNEMRQIVAEVGVVSKADGSAVFEMGNTKVIAAVYGPREIQNKSQQKKNDHAVVLCEYSMAQFSTGDRRRQKFDRRSTELSLVIRQTMEACILTELMPHSQIDIFLQVLQADGGTRSACINAATLALADAGIPMRDLAVSCSAGYLNSTPLLDLNYVEDSAGGADVTVGILPKLDKVSLLQMDAKLPMETFETVFALASEGCKAIAERIREVLQENTKQLEYRRAA
22330665,MAYQPVPGSGFHYLNSPFGDTTFTKVFVGGLAWETQSETLRQHFEQYGEILEAVVIADKNTGRSKGYGFVTFRDPEAARRACADPTPIIDGRRANCNLASLGRPRPPLPYAVIPNMPGRLRPASPYIGNVQGPRGSLIGNYPYQQPLPYNYQQGVVYPYGVTAYGPEYMYSQSQGLYSPYMGQQYLQVYGVPGAVNSPVYQYGQLSQTIPNGHGYTAVQGYSVPGSHILQLGGPTVSTMTTSSMPALQAPYPSGIPGPAPVQSHIIVHSPQFMQSTASDQTTSYS
15218972,MAASSVLLSCFKSHHQPNLLHGCNYSSNQTLLRFNFSTPKPLLISSRSCSRRFRVLSETITVKLEEEEKDDGASAVLDPPAAVNTKLYFGNLPYNVDSATLAQIIQDFANPELVEVLYNRDTGQSRGFAFVTMSNVEDCNIIIDNLDGTEYLGRALKVNFADKPKPNKEPLYPETEHKLFVGNLSWTVTSESLAGAFRECGDVVGARVVFDGDTGRSRGYGFVCYSSKAEMETALESLDGFELEGRAIRVNLAQGKKF
15234010,MSGDNGGGERRKGSVKWFDTQKGFGFITPDDGGDDLFVHQSSIRSEGFRSLAAEEAVEFEVEIDNNNRPKAIDVSGPDGAPVQGNSGGGSSGGRGGFGGGRGGGRGSGGGYGGGGGGYGGRGGGGRGGSDCYKCGEPGHMARDCSEGGGGYGGGGGGYGGGGGYGGGGGGYGGGGRGGGGGGGSCYSCGESGHFARDCTSGGR
30678085,MSGRKETVLDLAKFVDKGVQVKLTGGRQVTGTLKGYDQLLNLVLDEAVEFVRDHDDPLKTTDQTRRLGLIVCRGTAVMLVSPTDGTEEIANPFVTAEAV
15221761,MAGSAPEGTQFDTRQFDQRLNEVLDGQDEFFTSYDEVHESFDAMGLQENLLRGIYAYGFEKPSAIQQRGIVPFCKGLDVIQQAQSGTGKTATFCSGVLQQLDYALLQCQALVLAPTRELAQQIEKVMRALGDYQGVKVHACVGGTSVREDQRILQAGVHVVVGTPGRVFDMLRRQSLRPDCIKMFVLDEADEMLSRGFKDQIYDIFQLLPPKIQVGVFSATMPPEALEITRKFMSKPVRILVKRDELTLEGIKQFYVNVEKEDWKLETLCDLYETLAITQSVIFVNTRRKVDWLTDKMRSRDHTVSATHGDMDQNTRDIIMREFRSGSSRVLITTDLLARGIDVQQVSLVINFDLPTQPENYLHRIGRSGRFGRKGVAINFVTLDDQRMLFDIQKFYNVVVEELPSNVADLL
15237716,MESTESYAAGSPEELAKRSPEPHDSSEADSAEKPTHIRFLVSNAAAGSVIGKGGSTITEFQAKSGARIQLSRNQEFFPGTTDRIIMISGSIKEVVNGLELILDKLHSELHAEDGNEVEPRRRIRLVVPNSSCGGIIGKGGATIKSFIEESKAGIKISPLDNTFYGLSDRLVTLSGTFEEQMRAIDLILAKLTEDDHYSQNVHSPYSYAAGYNSVNYAPNGSGGKYQNHKEEASTTVTIGVADEHIGLVLGRGGRNIMEITQMTGARIKISDRGDFMSGTTDRKVSITGPQRAIQQAETMIKQKVDSATERTTD
30680456,MQSDNGKLFIGGISWDTNEERLKEYFSSFGEVIEAVILKDRTTGRARGFGFVVFADPAVAEIVITEKHNIDGRLVEAKKAVPRDDQNMVNRSNSSSIQGSPGGPGRTRKIFVGGLPSSVTESDFKTYFEQFGTTTDVVVMYDHNTQRPRGFGFITYDSEEAVEKVLLKTFHELNGKMVEVKRAVPKELSPGPSRSPLGAGYSYGVNRVNNLLNGYAQGFNPAAVGGYGLRMDGRFSPVGAGRSGFANYSSGYGMNVNFDQGLPTGFTGGTNYNGNVDYGRGMSPYYIGNTNRFGPAVGYEGGNGGGNSSFFSSVTRNLWGNNGGLNYNNNNTNSNSNTYMGGSSSGNNTLSGPFGNSGVNWGAPGGGNNAVSNENVKFGYGGNGESGFGLGTGGYAARNPGANKAAPSSSFSSASATNNTGYDTAGLAEFYGNGAVYSDPTWRSPTPETEGPAPFSYGIGGGVPSSDVSARSSSPGYVGSYSVNKRQPNRGEPSR
15223768,MSGEEEATVREPLDLIRLSLDERIYVKLRSDRELRGKLHAFDQHLNMILGDVEETITTVEIDDETYEEIVRTTKRTIEFLFVRGDGVILVSPPLRTAA
15240641,MTSSVLTPSLKLLAMTNSSSSTLFCIPSIFNISSSESHRFNFSLSSRPVNLTLSLKSKTLRNSSPVVTFVSQTSNWAEEEEGEDGSIGGTSVTVDESFESEDGVGFPEPPEEAKLFVGNLPYDVDSQALAMLFEQAGTVEISEVIYNRDTDQSRGFGFVTMSTVEEAEKAVEKFNSFEVNGRRLTVNRAAPRGSRPERQPRVYDAAFRIYVGNLPWDVDSGRLERLFSEHGKVVDARVVSDRETGRSRGFGFVQMSNENEVNVAIAALDGQNLEGRAIKVNVAEERTRR
30682553,MGSRSRNDNFQSGDGASPGKIFIGGLHKDTTNTVFNKHFGKYGEITDSVIMRDRHTGQPRGFGFITFADPSVVDKVIEDTHVINGKQVEIKRTIPKGAGGNQSKDIKTKKIFVGGIPSTVTEDELKDFFAKYGNVVEHQVIRDHETNRSRGFGFVIFDSEEVVDELLSKGNMIDMADTQVEIKKAEPKKSLNRSPPSYGSHPRGRSSNDSYASYGGPYGGFDGGYGHPPGPIRSHGGPASRYAGGYGYGRGSVGPEFGGGYNNYGGGSLGGYRNEPPLGYSSRFGPYGSGFGGEGYGRGGEGAYLGYPRGGGEGYGGYGGPGYGGAYESGGPGGSYEGAGGPYGRGYSSSSRYHPYAR
15224217,MASTKVQRIMTQPINLIFRFLQSKARIQIWLFEQKDLRIEGRITGFDEYMNLVLDEAEEVSIKKNTRKPLGRILLKGDNITLMMNTGK
15241028,MLPLSLLKTAQGHPMLVELKNGETYNGHLVNCDTWMNIHLREVICTSKDGDRFWRMPECYIRGNTIKYLRVPDEVIDKVQEEKTRTDRKPPGVGRGRGRGVDDGGARGRGRGTSMGKMGGNRGAGRGRG
30694526,MTKKRKLEGEESNEAEEPSQKLKQTPEEEQQLVIKNQDNQGDVEEVEYEEVEEEQEEEVEDDDDEDDGDENEDQTDGNRIEAAATSGSGNQEDDDDEPIQDLLEPFSKEQVLSLLKEAAEKHVDVANRIREVADEDPVHRKIFVHGLGWDTKTETLIEAFKQYGEIEDCKAVFDKISGKSKGYGFILYKSRSGARNALKQPQKKIGSRMTACQLASKGPVFGGAPIAAAAVSAPAQHSNSEHTQKKIYVSNVGAELDPQKLLMFFSKFGEIEEGPLGLDKYTGRPKGFCLFVYKSSESAKRALEEPHKTFEGHILHCQKAIDGPKPGKQQQHHHNPHAYNNPRYQRNDNNGYGPPGGHGHLMAGNPAGMGGPTAQVINPAIGQALTALLASQGAGLAFNPAIGQALLGSLGTAAGVNPGNGVGMPTGYGTQAMAPGTMPGYGTQPGLQGGYQTPQPGQGGTSRGQHGVGPYGTPYMGH
15224366,MSGVGEKASGTTKTPADFLKSIRGKPVVVKLNSGVDYRGILTCLDGYMNIAMEQTEEYVNGQLKNTYGDAFVRGNNVLYISTTKGTLSDGA
18398061,MQSDNGKLFIGGISWDTNEERLKEYFSSFGEVIEAVILKDRTTGRARGFGFVVFADPAVAEIVITEKHNIDGRLVEAKKAVPRDDQNMVNRSNSSSIQGSPGGPGRTRKIFVGGLPSSVTESDFKTYFEQFGTTTDVVVMYDHNTQRPRGFGFITYDSEEAVEKVLLKTFHELNGKMVEVKRAVPKELSPGPSRSPLGAGYSYGVNRVNNLLNGYAQGFNPAAVGGYGLRMDGRFSPVGAGRSGFANYSSGYGMNVNFDQGLPTGFTGGTNYNGNVDYGRGMSPYYIGNTNRFGPAVGYEGGNGGGNSSFFSSVTRNLWGNNGGLNYNNNNTNSNSNTYMGGSSSGNNTLSGPFGNSGVNWGAPGGGNNAVSNENVKFGYGGNGESGFGLGTGGYAARNPGANKAAPSSSFSSASATNNTGYDTAGLAEFYGNGAVYSDPTWRSPTPETEGPAPFSYGIGGGVPSSDVSARSSSPGYVGSYSVNKRQPNRGIAT
30694529,MTKKRKLEGEESNEAEEPSQKLKQTPEEEQQLVIKNQDNQGDVEEVEYEEVEEEQEEEVEDDDDEDDGDENEDQTDGNRIEAAATSGSGNQEDDDDEPIQDLLEPFSKEQVLSLLKEAAEKHVDVANRIREVADEDPVHRKIFVHGLGWDTKTETLIEAFKQYGEIEDCKAVFDKISGKSKGYGFILYKSRSGARNALKQPQKKIGSRMTACQLASKGPVFGGAPIAAAAVSAPAQHSNSEHTQKKIYVSNVGAELDPQKLLMFFSKFGEIEEGPLGLDKYTGRPKGFCLFVYKSSESAKRALEEPHKTFEGHILHCQKAIDGPKPGKQQQHHHNPHAYNNPRYQRNDNNGYGPPGGHGHLMAGNPAGMGGPTAQVINPAIGQALTALLASQGAGLAFNPAIGQALLGSLGTAAGVNPGNGVGMPTGYGTQAMAPGTMPGYGTQPGLQGGYQTPQPGQGGTSRGQHGVGPYGTPYMGH
15226605,MASGDVEYRCFVGGLAWATDDRALETAFAQYGDVIDSKIINDRETGRSRGFGFVTFKDEKAMKDAIEGMNGQDLDGRSITVNEAQSRGSGGGGGHRGGGGGGYRSGGGGGYSGGGGSYGGGGGRREGGGGYSGGGGGYSSRGGGGGSYGGGRREGGGGYGGGEGGGYGGSGGGGGW
18400210,MAGSAPEGTQFDARQFDQKLNEVLEGQDEFFTSYDDVHESFDAMGLQENLLRGIYAYGFEKPSAIQQRGIVPFCKGLDVIQQAQSGTGKTATFCSGVLQQLDFSLIQCQALVLAPTRELAQQIEKVMRALGDYLGVKVHACVGGTSVREDQRILQAGVHVVVGTPGRVFDMLKRQSLRADNIKMFVLDEADEMLSRGFKDQIYDIFQLLPPKIQVGVFSATMPPEALEITRKFMSKPVRILVKRDELTLEGIKQFYVNVEKEEWKLETLCDLYETLAITQSVIFVNTRRKVDWLTDKMRSRDHTVSATHGDMDQNTRDIIMREFRSGSSRVLITTDLLARGIDVQQVSLVINFDLPTQPENYLHRIGRSGRFGRKGVAINFVTRDDERMLFDIQKFYNVVVEELPSNVADLL
42571149,MASQTPNLECRMYEAKYPEVDMAVMIQVKNIADMGAYVSLLEYNNIEGMILFSELSRRRIRSVSSLIKVGRIEPVMVLRVDKEKGYIDLSKRRVSEEDIQTCEERYNKSKLVHSIMRHVAETLSIDLEDLYVNIGWPLYRRHGHAFEAFKILVTDPDSVLGPLTREIKEVGPDGQEVTKVVPAVTEEVKDALVKNIRRRMTPQPMKIRADIELKCFQFDGVVHIKVVSLIRLSLTCEMNTL
15227722,MSGRKETVLDLAKFVDKGVQVKLTGGRQVTGTLKGYDQLLNLVLDEAVEFVRDHDDPLKTTDQTRRLGLIVCRGTAVMLVSPTDGTEEIANPFVTAEAV
18410591,MTKKRKLEGEESNEAEEPSQKLKQTPEEEQQLVIKNQDNQGDVEEVEYEEVEEEQEEEVEDDDDEDDGDENEDQTDGNRIEAAATSGSGNQEDDDDEPIQDLLEPFSKEQVLSLLKEAAEKHVDVANRIREVADEDPVHRKIFVHGLGWDTKTETLIEAFKQYGEIEDCKAVFDKISGKSKGYGFILYKSRSGARNALKQPQKKIGSRMTACQLASKGPVFGGAPIAAAAVSAPAQHSNSEHTQKKIYVSNVGAELDPQKLLMFFSKFGEIEEGPLGLDKYTGRPKGFCLFVYKSSESAKRALEEPHKTFEGHILHCQKAIDGPKPGKQQQHHHNPHAYNNPRYQRNDNNGYGPPGGHGHLMAGNPAGMGGPTAQVINPAIGQALTALLASQGAGLAFNPAIGQALLGSLGTAAGVNPGNGVGMPTGYGTQAMAPGTMPGYGTQPGLQGGYQTPQPGQGGTSRGQHGVGPYGTPYMGH
42572443,MDMMKKRKLDENGNGLNTNGGGTIGPTRLSPQDARKIIERFTTDQLLDLLQEAIVRHPDVLESVRLTADSDISQRKLFIRGLAADTTTEGLRSLFSSYGDLEEAIVILDKVTGKSKGYGFVTFMHVDGALLALKEPSKKIDGRVTVTQLAASGNQGTGSQIADISMRKIYVANVPFDMPADRLLNHFMAYGDVEEGPLGFDKVTGKSRGFALFVYKTAEGAQAALADPVKVIDGKHLNCKLAVDGKKGGKPGMPQAQDGGSGHGHVHGEGMGMVRPAGPYGAAGGISAYGGYSGGPPAHHMNSTHSSMGVGSAGYGGHYGGYGGPGGTGVYGGLGGGYGGPGTGSGQYRMPPSSMPGGGGYPESGHYGLSSSAGYPGQHHQAVGTSPVPRVPHGGMYPNGPPNY
15228098,MPPKLDPSQIVDVYVRVTGGEVGAASSLAPKIGPLGLAPKKIGEDIAKETAKEWKGLRVTVKLTVQNRQAKVTVVPSAAALVIKALKEPERDRKKVKNIKHNGNISFDDVTEIARIMRPRSIAKELSGTVREILGTCVSVGCTVDGKDPKDIQQEIQDGEVEIPEN
18423684,MQQPPSNAAGAGQIPSGQQHLWMMMQQQQQQQQMQLSAAPLGQHQYGIGSQNPGSASDVKSLWIGDLQQWMDENYIMSVFAQSGEATSAKVIRNKLTGQSEGYGFIEFVSHSVAERVLQTYNGAPMPSTEQTFRLNWAQAGAGEKRFQTEGPDHTIFVGDLAPEVTDYMLSDTFKNVYGSVKGAKVVLDRTTGRSKGYGFVRFADENEQMRAMTEMNGQYCSTRPMRIGPAANKNALPMQPAMYQNTQGANAGDNDPNNTTIFVGGLDANVTDDELKSIFGQFGELLHVKIPPGKRCGFVQYANKASAEHALSVLNGTQLGGQSIRLSWGRSPNKQSDQAQWNGGGYYGYPPQPQGGYGYAAQPPTQDPNAYYGGYTGYGNYQQQRQ
79320777,MAATTGLETLVDQIISVITNDGRNIVGVLKGFDQATNIILDESHERVFSTKEGVQQHVLGLYIIRGDNIGVIGELDEELDASLDFSKLRAHPLKPVVH
15229743,MTIDSQQKTSKFRWGEMDEDEDLDFLLPPKQVIGPDENGLKTTIEYKFNDEENKVKITTRTRVRKLASARLNKRAMERRNWPKFGDAANEEAGSHLTMVSTEEILLERPRAPGTKADESKATGDGLSQLGKGGAVLMVCRICHKKGDHWTSKCPYKDLAAPTDVFIDKPPTGESSTMSAAPGTGKAAYVPPSMRAGADRSAVGSDMRRRNDENSVRVTNLSEDTREPDLMELFHPFGAVTRVYVAIDQKTGVSRGFGFVNFVSREDAQRAINKLNGYGYDNLILRVEWATPRPT
22328624,MDSDQGKLFVGGISWETDEDKLREHFTNYGEVSQAIVMRDKLTGRPRGFGFVIFSDPSVLDRVLQEKHSIDTREVDVKRAMSREEQQVSGRTGNLNTSRSSGGDAYNKTKKIFVGGLPPTLTDEEFRQYFEVYGPVTDVAIMYDQATNRPRGFGFVSFDSEDAVDSVLHKTFHDLSGKQVEVKRALPKDANPGGGGRSMGGGGSGGYQGYGGNESSYDGRMDSNRFLQHQSVGNGLPSYGSSGYGAGYGNGSNGAGYGAYGGYTGSAGGYGAGATAGYGATNIPGAGYGSSTGVAPRNSWDTPASSGYGNPGYGSGAAHSGYGVPGAAPPTQSPSGYSNQGYGYGGYSGSDSGYGNQAAYGVVGGRPSGGGSNNPGSGGYMGGGYGDGSWRSDPSQGYGGGYNDGQGRQGQ
15229321,MAEAEDQQNFVAHNGDQVPDQGSDELHNGLPYQVHDETLVHQPYEVEDPILEPQQYEVPDPTLEPQQYEVPDQTLEPQQYEVDDQLEYHQYQLQDQANEDVQDHSQDDLQYQPQNQEQFQLQDEAHDQAQYQAQGDVQDHNGDEVQDKVEDEEGIPEHLESLQKSEPEEDATVGGEEKRWPGWPGETVFRMLVPAQKVGSIIGRKGDVIKKIVEETRARIKILDGPPGTTERAVMVSGKEEPESSLPPSMDGLLRVHMRIVDGLDGEASQAPPPSKVSTRLLVPASQAGSLIGKQGGTVKAIQEASACIVRVLGSEDLPVFALQDDRVVEVVGEPTSVHRALELIASHLRKFLVDRSIIPFFENQMQKPTRQMDHMPPPHQSWGPPQGHAPSVGGGGYGHNPPPYMQPPPRHDSYYPPPEMRQPPMEKQPHQGISAYGREPPMNVHVSSAPPMVAQQVTQQMQIPLSYADAVIGTSGSNISYTRRLSGATVTIQETRGVPGEMTVEVSGTGSQVQTAVQLIQNFMAEAGAPAPAQPQTVAPEQQGYNPYATHGSVYAAAPTNPPGGYATDYSSGYGY
15229884,MVLVLYETAAGFALFKVKDEGKMANVEDLCKEFDTPDSARKMVKLKAFEKFDNTSEALEAVAKLLEGAPSKGLRKFLKANCQGETLAVADSKLGNVIKEKLKIDCIHNNAVMELLRGVRSQFTELISGLGDQDLAPMSLGLSHSLARYKLKFSSDKVDTMIIQAIGLLDDLDKELNTYAMRVREWYGWHFPELAKIISDNILYAKSVKLMGNRVNAAKLDFSEILADEIEADLKDAAVISMGTEVSDLDLLHIRELCDQVLSLSEYRAQLYDYLKSRMNTIAPNLTALVGELVGARLISHGGSLLNLSKQPGSTVQILGAEKALFRALKTKHATPKYGLIFHASLVGQAAPKHKGKISRSLAAKTVLAIRVDALGDSQDNTMGLENRAKLEARLRNLEGKDLGRLSGSSKGKPKIEVYNKDKKMGSGGLITPAKTYNTAADSLLGETSAKSEEPSKKKDKKKKKKVEEEKPEEEEPSEKKKKKKAEAETEAVVEVAKEEKKKNKKKRKHEEEETTETPAKKKDKKEKKKKSKD
