lncRNA,Sequence
AthlncRNA10,ACCTAACCTTTCTCAGGGAGGTCAAATCGTACTTGGCCTTGAGCTGATCTGCACCGTTAATCATAGCTACCAAAACCGGTGGAGCCAAACTCAGAATCGTGGCTTTGTACTTCTCCACCGCTTGCATCATATCGTCGAGCCCGAATCTCCGGAGAATCACCACCGTTGAACCCGATGCTACGGAGCCCATTGCGAACGCCAATAACCCGAAGGAGTGGAACATCGGCACGGTACATACGAATATCTCGTCTCGTTTCCATTTATCGTCGATGTATTTCGCAACGTAAGCTGTTAAATTCCGGTGAGACGAGATCACTCCTTTGCTCGTCCCTGTGGTTCCCGACGAGTAAAGCATCATCGCCGTGTCGTCCTGGTTGACTCGGTCTCTGACTCGTTGACCACTCGTTTCTTTCTTCATCATCTCGCTCAAAATCCCAACGACTCTGACTCCACTAGTGAGCTCCACTCGCTTCTCGTCTTCTTCGTCGGTGAGGACGACGGAGATTGCGGCTGCGAGTTTGGGTGCCAGCTGGCTCGTGGTGAAGACGAGAGTTGGATTACTTTGGGCGATCTGTTTGGAGATTTCGCCGGAGGTGTTGAGAGTGTTGGCGGTGGTGACGACGGCGCCGAGAGACATGACGGAGAGGCAAACGACGGGAATGTAGATTGAATTTGGAGAGAGGATGAGGACGACGTCGCCTCTTCGTATTCCGACTTCATGATATAGACAGTCAGCGACGCGATCAACGACTCTCCAGAGATCGGAGAAGGTTAAGCGGTGGCCCGTGGAGGCGTCGATGAAGGCGGTGGTGCCGCGTTGCGGTTGAGATGATATGAAAGTTGTGACGTCAAGCGACGGATTTGGCGGGAGACATAATGGGTTTCGCTTGCTATAGAATGTAGAGTTTGATTTGCAGAAACCGCTTCTAGGATCAACAATGAGATCTCTCTCAGGATACGCCATATTTCTTAATATGAAGCTCTTCTCTAAGTACAACTTCTCTAAACGATTAGTCTGTAATATGAATATGAAATATTAATATACCATACTATCTACAACATGTGTCGGATTATTAAATGATGTAGATAATATGATAGTTGATGTGGCCGACACAAAACAATAAGAATTGTGATGAGAAACACAAAAT
AthlncRNA102,TTGCTTTGATCTTAGATAGTTCAGCTTTTTCCCAAGCATCAGCTGTAGAATCATCCTTTCGACTAGTATGCTCAGAACTCTGCCTTTTGGTTTCCCTAGGTGGAAGCCGCAGAGGCGAAGGTGATAGAAGAGGAGGAGGAGGTGGCGGTGGAGCACGAGGTTCTGATCGTGTCCTAAGCGGTGGTTGTATCCGTGGTGGTTCAGAAACCGGTTTTCTTTGTCTTTCATGTTTCTCCTCTGAATCTTGATTCTGTTTGGTGTGGTCTCCCATCAAGTTCATGGAGAAAGTCTTTTTTACCGAAGATGACTTTCTCATTGGGGACTTTAGTGTAGGAGGTTTATGATCTTTCGTCTCTGAATCTATAAACGAAAGTTGCC
AthlncRNA104,GGTGGAGCACGAGGTTCTGATCGTGTCCTAAGCGGTGGTTGTATCCGTGGTGGTTCAGAAACCGGTTTTCTTTGTCTTTCATGTTTCTCCTCTGAATCTTGATTCTGTTTGGTGTGGTCTCCCATCAAGTTCATGGAGAAAGTCTTTTTTACCGAAGATGACTTTCTCATTGGGGACTTTAGTGTAGGAGGTTTATGATCTTTCGTCTCTGAATCTATAAACGAAAGTTGCCCTGTGTCAACACAAAAACGTAAACTGATTTCAGAAAACATTTTCAGTTGAATAACAAAATCTGAT
AthlncRNA105,GAGACCTGAACATGAAAGCACATCATTTTACCACTTTGCTTTGGCGAAAACGTATGTGTCTTGGATGGAGATCTCCCAGGCGAGCTAGGAAGCTGAAACGTGACATGACCCTGACTCTTTGTTCCCCCCGAGCCCCTGAGAGCTCCCTTAAGATCCTTAACATCATCCGCTGCTCTTCCCGAGCTTCTATCAGGGCTCTTTGTCGATCTAGGCTCATCAGAACTTCTATCAGGGCTCTTTTTCGGTCTATGTGATGATCTCTGAACCCATTCAGGCTTCTTGAAAGGATGCTTAGTTGCTTGCTCTGAACCCGTGAGACTCCCTGCATAGCT
AthlncRNA109,GAGTAAGTTCCATTGTTCGGAAATCGGAATTTTCTTCTTTTCCAAGCATTAGAGGTTTCGGAGCAGGATTTGTCGTTGGCTGATGAGTGAAATGTCGGGTAATGGTCAAGAGATAAGCTTTTGTTTTGGTTCAGAGGATTGGGATTGCACACAAGCTGCTCGATAGAATGTGTGAACCAAAACATATGGATGAATTTTTCTCATCTCGATTTTATTGCGATTGGAGAAGAATTTTGAGTCAATACACACTTAGCTTTCAGTTTTAGATGCTGATATAGAAATGCTATTTGTTTGATTCTAGGAATTGGGAAGGAAATGAGTCAAATCAGAGAGAATATGGAAAGAGATGATGGCGGAGTTGTGGATTACGTTAAGAGTTGAATTACATCTTATAAATCATGAAATTGACTGTCAATCTTAGAGCTTAGATTACAAGCTCTTTGTCTAATCTCAAGTTCGACACAGAGCTTGATGAGACTGCTTCAGTTTGGCTTTGGAACTTTTCAAGTGGAAGTGAAGAAAGAAGAGTGAAGTAGTATAGCTGAATCAGCAAGATTCTGACATGGCTGGTTATTTAAATTATAAGGAAACACAAGAAGAAGACAAAGTTTTTATGATGTGAGTACAGAAGCGTCAAAT
AthlncRNA110,AAGAAACTTGATTGATACTGAAGCAATACAAGCAACAAAACTATCAACGCCGCCACTCCCCACGGCGAGCTTCCACCGTCACCTCCGGCTCCGGGACTCACGTAAGTTGTCCGACGACTGCTTGAAAACATCCCGAGAAGCGCATCAGGGTTCTCCATGGAAGATAACCACCGGACCAAGACTATAAGAAACAGAGGAATCAAGAGAAGCGCAAAATTTATCTGCTCTTCCGCTGATTCGGCTGCTTCTTCCAAGCTGAAGTACCATGAACTCAACAAGAACACTGAAGCAACGGCTAGGATCAAAAGAACTGGGTATGGTAGTGGCGATAGCGAGAATGAATCCAGGATCGATGATCTTCTCTCTTCATAAGCCATAGTTCCTAACTTCCTATAATAATGATGATGAGAGAAGGTCTTCTTGGTTCTTTTATGTGCTGAGGGAAACTTATAGAAACCGACTTTAGGTTATAATATTATATGTTTGACCGACAGATGAAAGATTATATTAATGTTTTTGTTCAAATTCATTACCAATACCATCTGTAATTTAAAGATTAGTAGTTTGGTCTATTTTCTTAAGCAGTATGTACTTTAAATTTCTTTTTATAGAAAGTGTAGAATTTCTAACAC
AthlncRNA113,ACGAGAAAAGTCCGTTACCTCCTCCTTCAGTGTGACGGCGATTATGCTTCTTCTTCACCGCCGGAGTTTTCTTCCTCGAGCTTTTTCCTCCACCTACATTAGCAACAACCATCGCGCCGCTTCCTACATCGCTGCTTTGATGACTCGATCCCAGATCGTAAAGCGGCGGAAGCTCTGTTCTCCATCTCTCAAGTTTCGATCGGAGACCTTCGATGTTACTATCATCGTCTAAGCTCCATTCACTAAGAATCGAACTCTCTGTTTCGTAAGCTTGTGATCTCTCTTTCGCCATTTTCTGCGCTACTTCTGATGGCGACGGACCTAATTCGGATTCTGTTAAAACCGGTCTTCCTGCTAAATTAGATCTCATCGGAGTACCAAATTGCATAGGCGATTTCATCGGTGTAGCCTTGTAGTTAGATCTAATCGGAGTTGATCCGACGATGTTGGATCGTAACGGAGTCGATCCGAGGATGTTAGATCTTCTCGGAGTTGATCCGACGCCGGTGGATCTCATTGGACTTGATGAAACCATGTTAGATCTGATCGGAGTAGACGCGACGATGTTTGATCTCAACGGCGTTCCGTGTCTTGACAAATATGGTGAAGCGCGGCTGCTTGTACGGTCATAGTCTCTCGGCGGTCTTGGTTTCTCGATCATTGGTGTTGATCTTCTCGGAGTTTTGCGTGAACGATCGTTTGATCGAAAAGGTGATTGATCTATGAAATCAGGTTCGTGTTGTCTCTCACTTCTCGGCCGCAACACATTGTGATTTGGTGATTGATCTATGAAATCAGGCTCGTATGAATCGTATCCCTGACTTGGAATCTTTGGGGATTGATAAGGAAGTGCATACTCTATCGATTTCGTCAGCTCGGAATCTGAAGTCACTGAATCGTGTCCCGTCGTTGTAGGTACAGTTTCCGATTCTGCGCTCATCAACGCGCTCGCTGGCTTCCTATTAGCTACACGACTTCGCTCAACTCTGCTTAGAAGATCGGAAACGACCATTGAACTTGTATCGCTCCTTGTACGACGGAGCATTGGCGGTCTCGAGACTACGGATTGGTATTGTTTAGAAGATGGTGATTGTGGATTCTTTGAGCTTCCTTTGAAGCTATTGAGATGCAAATTCTGCAGATTTGGATCTTCTTCTCCAAGCAAGTCTCTGTAACCTACTGCAGAAGAGTCCATATTGGTGTAAAGTGGCATGCTACGCATTGATCCGTCCAGTATTCCCACACCGATGTTTAATATTCCTTGAGGACGACCTGATGGTCTGCGAACTTGAAGTGCGACGAATCGCATTCCGGGAGGGGGTGTACGACGGTACTCCTCGTTGCTTCGGTATCCAGGTCGGCGATTTGGAGGGATTAAGTTGCTAATGAGGACACGGACTGTGCCAACGTGAACATCACGGAACCAATGTAAAGCGTAGATTTCAACCACGACGGCTGAAGTATCGGCGTAGAGGAAATCCTCGCTAACTCGGAAGACAAACTTGTCGTTCCAAGTTGGGTTTCCACCACCGGTGTAATCTACGCGGGTGGTGAGTTTGCGTTCAGAGTGAACCCAAGCCACCGCGTAGGTCTTCATTTTACGTGAGACAGGAGCTAGATCTTGAGCAGAGATTATGTTGAGCTCTAGCAATTGGAAAGAAGGAAATATCGACATTGTTTGTGTACACAATCAGTGTTTGTTATTCAAATTCTCAGTCACATTTGACGAAATTAGGAGAATTGAAAAAGCTATGGAATTGGAAAATCGAATTCTTGATTAGCCCCCTAAGGAGTGGACGATTCTCCATTGGATAGATCATTAAGATTGTTATTCGTTTGGTGGCAAATCTCCGAATGGTAGGGATAAGGTATTGGCCATTGCTTCCTATCTCAGTTTTCCATGTTTTTATTAACCTTTGAAGCAGAGAGAGGAGAGAGAGAGAGATAAAACGAGTCAATCTTAGGTTCCATATTTGGGCTATTTTGTGAAAAAAATGAGAGAGAAAGAGTAAATTAGGGTTGGTCATGTGATAATCTTTAGTAAGATATTGTAGAAGTTTGCTATATTAGGGAGTTTATAGGATCAAATTGTCAATTCTTAGAGATATCAGATATGAATAATCTTTATGCACAACGATACGATAGACACCAGAGGCTAATAATCTCTGGAAAAGTGATTTTCACATATGATTTATGAAAGTCTTTTGTTGTCTCATAAGAGACGTTTTTCATCTATGTATGTTGCTTCTATCACAATTTTGAAAAACTGGGATTTTTATTCGTATGTTATCAATGGGCTTTCTGATTTGTAGCCCAAACTGAGAGTCATGGGCCAAATCCAACGTCATTTACGTCTGGCTAGAGTAAAGTTTTAATTTCTCTCTTTCTCTCGTGATGGTGTGAGCTTCGTAACCTTTGTTCTCCGTTTTGATAAATGATAATGGTCTCTGAATGGCTGTATACTAAATTCGTAATATTCTTGTATATTGG
AthlncRNA12,TCTGAACCGGAGAAACCCTAACTCCTCCTCCTCCATCATCTCCGGCGAAAAACCCGAAATTGAAATCAGGGTATTCAAATTGATGACCTAAAGAGAAAAGGGTTCCTCTACAAAGTGGACAAGTCGAATTCGAGAGAAGCCAAGTATCGATACAATCTATGTGAAAAGCGTGACTACAATTCGGAAGCAATCTAAGCTTATCATCTTCCGAGAATTCACAGAGACACACTGCACAATCAAAAGGCTCTTTCGTACCTTTGATCTCTTTGTAAAGAAACACAGGAAGAGCATCGATTAAAGCTTGATCTAGACCTGAATCATGGAGATGAAAGAGCTGTTGAAGCTGTCTTTGAATGCTACAGATGAAGAAGATTACGGATAAGAGAACGATGATGAAGAGAATGATGGGGCTTATTCGATTATTACCACCGGAGGAAGAAGAAGAAGAAGAGTCGGTTAATTGATGATTCAGGGTGATTGGAGAAGGAGCAGAAGAAGGCGAGATTTGATTCAAGTTGTCGTTTTTGAGCTGGGAATAATGAATCCTCCTCTCAGACATTTTTTTTTTTTGATGAAGAAGAAGAAGAACAGAGACACCATTTAACTTGACAACACTCTCTAATTCTTAATCATAAACCCTCAAAAAGAAATGTAAATTCTAATCTCTGACTTTGTAGTAAAAAAAAAATGTAGCGAGTATTTTGGAATCTGAAATGATTGCTAAACAGATTTTGGAACGACCAGAGAGAGCTATATTGTCATTACATTAGAAAATTTT
AthlncRNA125,AGGACCATACTCATATCTTATCACTATTGAATCAGGGTAGGGGCGGCGAAACTTCTTATCGAGAAGGAAAACTTTAAACAGAGAAAGAATCTTAACAATAATGAGGCCTTGGGGCACAATATATTCCAGAGAGATAATAGATTGCAAGTTGCCAAGAAATTCTGCTAGTAGGCATTGGGGCACTACTGATATTCTCATCGTCACGATGCTTCACAGCGACCTTCTTTGCCTAGGTATTGAAATGGTCTTGAGTGATCATTGCTGAGAATTTACCCGGAGTAGCTTACAAGGAATCTGTATGAAAAGGAAGGTAAAAGAGTAAGCATTTTAATTTGTTACAAAATTACTGTTGATATTTGGAACCCTTATCCCCAAATCTAGCAAGAAACAAAAACTAAGTATTCTGATTCCTCTCCTAGTGGTTGCTCTCCTTTTGCAACTTGGAAAAGAACCCGAACCTGAAGTAATCACTCTATAATGGAAGTTTCTGTAGCTCAAAATGTTTTCGAAGGATTTTCGAGGATAGTGGTGAGATATTATTATCAACAAAAGAATGATCCCTTTACAAAATTGGATTCGGACAAACTTTACGCAAAAGAAGGAAATGGCATATTATCACCAGGAATCCATAAGAGCTAGTCCCATTTGAGGGAAAAAAGTATCCACAGACACAAGCCTGGTCCAAAATCAGCCATAGTAGCAGCCTATAACAGTAGAGTTCTTTTTATTTTCTTGTTTCTCGGAATCTTTGAATAAAGAACTTAGGAAATGGAGAATCTCCATGCTCAGGGGTTTTTAT
AthlncRNA126,AGGACCATACTCATATCTTATCACTATTGAATCAGGGTAGGGGCGGCGAAACTTCTTATCGAGAAGGAAAACTTTAAACAGAGAAAGAATCTTAACAATAATGAGGCCTTGGGGCACAATATATTCCAGAGAGATAATAGATTGCAAGTTGCCAAGAAATTCTGCTAGTAGGCATTGGGGCACTACTGATATTCTCATCGTCACGATGCTTCACAGCGACCTTCTTTGCCTAGGTCTTGAGTGATCATTGCTGAGAATTTACCCGGAGTAGCTTACAAGGAATCTGTATGAAAAGGAAGGTAAAAGAGTAAGCATTTTAATTTGTTACAAAATTACTGTTGATATTTGGAACCCTTATCCCCAAATCTAGCAAGAAACAAAAACTAAGTATTCTGATTCCTCTCCTAGTGGTTGCTCTCCTTTTGCAACTTGGAAAAGAACCCGAACCTGAAGTAATCACTCTATAATGGAAGTTTCTGTAGCTCAAAATGTTTTCGAAGGATTTTCGAGGATAGTGGTGAGATATTATTATCAACAAAAGAATGATCCCTTTACAAAATTGGATTCGGACAAACTTTACGCAAAAGAAGGAAATGGCATATTATCACCAGGAATCCATAAGAGCTAGTCCCATTTGAGGGAAAAAAGTATCCACAGACACAAGCCTGGTCCAAAATCAGCCATAGTAGCAGCCTATAACAGTAGAGTTCTTTTTATTTTCTTGTTTCTCGGAATCTTTGAATAAAGAACTTAGGAAATGGAGAATCTCCATGCTCAGGGGTTTTTAT
AthlncRNA128,AAAGAAACGCAAATTAAATACACACAAACGAAATGTTCTTTCCAAGTAAAATAAAGAGTGATCATAGTTGTTCGAAGGGTTTCTCGTCATCAGAGGGGTTCTTGAAAGCAGTGCTTCCGAAGAGCATGAAACCCACGGCGAATCCGGCGATAGCGACAATGAAAACTCCACCGTTAAAGGACATAACGGCGAGCATCACGAGATAAGCAAGGCCTGTCTTGAGTGTGTAGACTGCGGTCTGAACGAGCCCCTTGGCGCGGCTAGTGGAGCCACGTCCACGAAGGATCGAAGAATGGGCAAGCCACTCGACGATAACAGCAAGGAGGAAGACGACGATGAGACATAGAACGTACATGCCGAGACTTGTCCCGGGCCAGCCGGAGAAGAGTATCTCCGTGTTCTTTCCCCAGAAGAAAGTCATATGCATCATGATCATGTTGGAATTGGTATGATTTACCATTGATGATGGTGATGATGGTGGCATGTTACCATGATCCATTATATGATAAGTTTCTGAAATTTTTTGTTTGGGACAAAACTTAGAGAAAATGGTTTCGTATTTATTGTGATGTTCTTGTTATCATGTGGTCTCTTAAATGTGTTTGTGGTTGTACTCACGTTTTGACTTGTCAAACTTTGTGTAGTACAAGTAGAAGTCAATACTAATTTTAGAAAGCCTTTTAAATACCTA
AthlncRNA129,CAGCTCTCTGTTTATCAAGCTTAACTCCAAACCGCGGCGATGCGCCGCCGCCGTAAAGATTACAGACACACTCCGGCGAACTTTGAACCATCCCAGCAAGCTCCGGGCAACAAGCAGCTTCAGGCTTGATCTCATTACTTCCCACTTGAACGTACGAGAAGCAGTCTGATACGTTTAGCATAGATACTAGACAGTTAACCGGAGATGAAGGTCCATCGGCGGCGATGGGTTCCGGTGCCGGAGGTGACTGCCCGGAGCAGAGACTGAGGAAGAGGAGGAGGAGGACGGCGAGAGTGTTGGTGGTGAGCATCTGGTGGAATGTGATTAGATCTGATCTGAGATTGCACTCAATGTTTTTTGGAATGGGGAATTAATTTTATTTGGACAAGTTAACTTTAAAGTGAAGTTTTTTTTTTTTTTTTTTTTTTGGCTCAACTTCAAACTTAAACATTAACTAATGAAAGATTACATTGTATCTGAATCCACAAAGGATTTAACCCAAAGAGGCATTGTAGAATACAATTTAGAGTCATAATTCAAAAACGAAAGGGACTCTTTTGCAATT
AthlncRNA138,CCACATGTAAGAGTTTGAAGTTTATGATTGTTCAAATATAGGGTTGATGTTTAAACAAGATTGTTAAAATTTATTAATTTCAGCAAATCAAGAACAACAACGTAATCTTTTCTTCTAATCAGTGAGGCTTAGAAAAACGGAAGTAGCAACTCCTATCGCGTACACACCAATCGCAGCTCCGATCAAGTTTTGACCCGACCGAGTCACGGCGCCGATCCCACCGATTCCGACGATTCCTAACGGAATCCGACTCGCTATTGTCTTCCTCGCGTTTCCCACAACGGCTTCCGCGAAAACCTCGACGGCCCATTTCTTGAACTCCTCTTGCCCGAGGATCTCCTCCTCATCCGCCGCCGTGACTCGAGAGACGGTGACTCGGAGAGCTGAGTCGACTTGGGATTGACTCGGAGGAGAAGAGAGCCATCTGGTGATTAGAGGGAAACGAAGAGCGGAAAGATTCCGGTGGATGTGGGCGGCGGCGGAGACGAGCTGGTAAGGACGAACTCCGGCGAAAGCATGCTGTGCAAGAGAGAGAGATTCGTCGTATGCTGAGTCACAAGCCGAGTCAAACTCGGGCGAGTTAGATAGAATCGTCGTAACTCGCTTTGAACCCGATATCCCCATTTTTCTTTTATTTTCTTCTCACCGAGAATCTATTGATCTTGTTGTTCACACGTCACCAAATTGAAGTTAATTTCTAACCGTTGGATTTAGCCATAAATTAATCGGACGCTTTATGACTTTCTTTTTGTCGTACATGATTTATGATCATTTGGAACACATTATTTAATATTTTTTTACGACAGA
AthlncRNA14,TCCTCTTTCTCTTATCTCTCACATATCCTTGAGAGAGAGAGAGAGTTCACTTGTATAAACTTTTGTTTCCGGTTAGCCGGATATGTATATCTTTCGTCTTAGTGCGATCTCAATAATTCTGGCTATGTGTCAGACTTTTGTCACCGGTTTTGTCCGGTTCTCTCGCCGTGACGAGCTTAGATCTCCATCTTAAGCGTTTGTCGACATCTCCGCCTTCTTCATAATTCTCTTTGTTTCCACCAAATTGTTTGAGGAATAACATCTTCATCTCTTCGTTTTGGTCACAACGTACGAGCAAAGATCAAGCTACATCAATTTTGGGTGTAGCCAATGATGAAGCTTCCCCGACGATGGTGCTAATTGGAGATTTTGAAGCAGCTCTTTAGACTTGATCCGGCAGAATATCGACATCTAGGCGCTTGCATTCGAGATCGACAGAAGGCACAAAGATCTTCATCGGTCACTGGCCGATTGATGGTGGCAAATCAGAACTGCAGTGGTGTTTGGCGATTCCAACGGTGGAGCTCGTTTGTCTCGACGCGTGGCGAAGGGGAGTAAAACGTCCTCCACGCGTGTCAGCACTTAATCATTATTGCGTTAATGTTTTATTATATTTTCAAACGATTTGGGTTGGACATGAGTTTAATTTTCGCTGTAATGTTGGGCCTTCTGTATTTTGGCCTTATTGGACTTTTAATGGAAATGGTC
AthlncRNA141,ATTATGACTAAAACATAAAGATTGATTCAAAGCAGAATCTCAAGGCAGTTTCTTGGAGAGAGACCAGACACGTGTTGCTAATTAGTGTTTCAGTTGTGAAGAGGATTTGGACCTGTGTGAACTAATCTCTTGTCGTCTTTATAAACTTCATCTCTGTTTTCTTCTTCTCGACGTTGACCCGTGAACGACACTGTAGCTTTCGGAGCTTGAAACGACGCCATTTCGTGGAAATGACCAGCCTTTCTCGGTAGTGAAGGATAGTGATCAGGAGCAAAAAGAGCTGATGAAGAAATACCAAACTGAGCAAAAACAAAGATTCCACAGAAGAACACAGCGGCGTAACCGGTGGTGCTGGTGGTGTATGCTCGTCTCCTTCTTCTTTTTCTGGAACAAGCTTCCATGGCTGTTTGATTTGAGTGAAAATAGAAGCTTTTTATGAGAAGACCATGAGGTAGTGAAAAACAGAGTGTTTTGAGTTTGTATCTATCTCTGTTTTCTTGTGGCAGAAATTGGTTTCTCTTTTTGTCGGTGTCTGTGAAGTGCAGAGCAGGTTTTGGATTCAAGAAATTGATGAGAAAAAATGGGCTTTTGAGTAAACTATAATAATAGTCTTTTGAAATAAAGTGAGTAAAGTGGTAAGGAGATAAACCCAAAAGACAAAACTCTTTTCTTTGTTTGAGTGAAGTCTAAGTAACAAAAAAGTTTGTCTGAGTCTCTTTGGATAATGAGAAAGAAGAAGAAGAAGAAGAAGTAGAAAGAGGAGAAGATGAATAAAGATTTTTATTGTTCAATGGAATTAGATTTGTGTTT
AthlncRNA148,CTACTAGTGGCCGAAACGCGACGGTTTCCGCCGCTGCGATTCACGTTTCCGTTAACGTTAACGGGAACGTTGGGAGCTTCGGTTTGTTGTTTAACGGAGACGTCAGTTCGACAAATGGGACAATTAGGATGATCCTTAAGCCACGTCTCAATACATAACACGTGGAACGCGTGTTTACACTCGCTTAGTTGCCGGAGTTCATCGCTGTCGGTGAACACCATGAGACACACGGAGCACTCGTTTCCAATCTCTTTAGAATGTGTATCTTTGTGGAATTTCCCTCCGGATTCCGAAGTTACGGTGGTCTCGGTGATCGGCGGGGTGTCGACGGTGGCGTGAGGTGTATCGTCGGAGGAAGAGCTGGTGCGGGAAGAAGAGGAGTTGCGGCGGGAGGAAGAACATGGGCCGTTGAAGAAGAGAGCGTAAACTAAAGCGGGAACGGCGACGAAGGCGATGACGACGAAGATTAGTTTGAGAGGAGTAAGGTCGATGCTCCGGGGAGGAGCTGGGAACGGTGGTGGAGGTCCGATGATAATGAAGGTGGAGTTGGAAGTGATGGTGGTACCGGGGAAGTCGGTGGTGGGAACTGTTGTGGCGGGAGTTGGGACGACGACGATGCCGGGGCCGGAGCCGAAGGAGGTTGTTGTATTATTGAACATTATTATTATGTGAATATGAAATGTGGTGGGGGAACAGAGATAATAATAATGGAA
AthlncRNA155,CTCGTTCCTAAGTTTTGCATCTGTTATCACACATGATGATTGTTTCATATAAGCTTCTTCGAATACCGCGTGAAACCTCTTGAAATGTGTTTTGGCTTCCTCTGGTGATAGTCTGCTACTTGTTTTCTCTGGTAAAGATATGTATACATTGGCCCACGCTGCGATCTCATAGTTTGCAGCGTAGCTTCTGAGTTTTGCTTCGTGCTTTGTGAGCCAGTCGTCTCCGAGGAGGTTCCTGAGGTGTGTTGAACGAACGTTTGCATAGGAAAATCAAGATGAGCCAAGCTAGATGGACCGAGACTGCGTGGTTGTTGTGTTCATCTTCTAAGATTGGAGCTGTGAAATAAGATTCTAGCATACGTGTGTTTTTCTTAAGTGGATGCTCTGCAAGAATCTCTGATAACACACGGCTGTATTCAGAAAGAGATGATATGAAACTCATGGTTGATCTAGTCAGCTTGTGAATCCCTCCTCCTGCAGTTAGTGCTTTAGAAGAATCCTTTTGTATTGTTGACTCAAATTCCATGAGACTTGTGTAGATTGAGTCCTTGAGTTTCTTCAGCGATGAGAGGACCAGAGTTTTAACAGCAGCTACTGAGTCAAAGTGGAATATCAGTTCTATGTCTGGTCTAAGGTCAGAGATTGCTGCATAGAGATCCATCAGCCTGAAGATCCTCTCTGGCGATGGTTTTTTCTCCGCAACGAGTTCTGGGAACTTGAAAAGATTGATTCCTGCTTCGTTCACTATCTCGTAAAAGCAAGACTCTCTTATTGTACTTGAAGCA
AthlncRNA159,TTGAGAGGTCTAGTGACTCCAGCTCTGTCACGTTTGCCAAAGACAGAGGAATATGGCCTGTGAATGCGTTGTTTGATAAGTTGAGTGCAATCAATGCCTTCAAAAGACCAATGGATTCGGGAATCTGTCCTTCAAGTTTGTTCCCAGAAAAATCAATGGTGGCATAGGAAGTAAGGACCTTTCCTTGCTCCATGAATAGACCTTTGTATTGCAAATCCACTGTATCTTCGTAGATATAGTAAGGATTGTTGTAGTCTCCCATATAGATTCTCCCATCTTCATTCATCTGGAGTGATGATGCTTCCCAATTCACAAAGTAATTTGGTGGCAAGCTTCCTGTAAAGTTGTTATCTGATATTTCAAGTATGCGCAGCTTGGGAAACGCAAGAGGACCTCGATCAGGAGGAGATATAGGGCCATGGAATTTGTTTGAACGGAGGGTAAGTGCTTGTAAATCAGGCAAAGCCTTAAGCCAGAAAGGAAATGTGTCTTTGATTTTGTTGTGGTCTACACTTACAAACCTTAGCATGGAGCAATTCAGAAGAGACCTTGGAAGCTTCCCGGTTAGTTGATTGTAGCCAACGTCAAGTGTCCGAAGCAAGGCACCATCAGAAAATATATCTGGAAGACTGCCTTCCAAGTTGTTCTTCCGGAGGTTCACTACAATGAGAGACTCTTGGAAATCACTCAAACATCGAGGAATTGGACCGGTTAAGTTGTTGTAGGATAGGTCAAGAATAGCAAGAGAGCTTCGGTTGCAGGTTTCAAGAGGTATGTTTCCTGTGAAACTATTGTTCCATGCAGATAAGAGGTTGATAGAGAGTGGTGGTTTAGGAAATGGTCCTCTAAAATGGT
AthlncRNA167,CACACTGATATACTAATGAAGGCTTTAGCAGCCCCTTGAGATGCTAACGGGTACGCCTTAGAGGTCACAAACCCTTGAGCTTCCTCGATCGCTTTAATGGCTCCTTCATAATCTCTCACGCAAGTCTCAAATGGGATCTTGAGCGTCGGATCAGTCGTGGTATTCACTGAGCCTTTCATCGCCGCTAGGTTCTTATTGCCCAATAATTGCGTCTTTTGGAAGACTAAATCGAGAAGACCTTGTAGGTCGAGGGTATATGTTGTTGGATCAGAGATTAGCCAAGTGATGCAGAAGTTGGTGTCAATGTGCGGTTCTGTGCAGAGTCGGGATAAGAAGGTTTTTGTGACTTTGTCACTCGGAGACAAAGATGAAGACAAAGGGGTGATTGATAGAAGAAGGAGTAGAGGAAGAAGTGAAAATACGTTTCTTTTGACGCAAGGATAAGCCATTGTCTTGGCTGCGGAAAGATAATTATGCGTATACTTGAGAGTCTGGGAGGTTCTTACTGCATACTAATATTAATATACATAGTTTTTGGACGACAAAAGTCAAGTTTTAGCTTGGTGTTGTTGATGAAATGTTACCCAAATTTGTTTTTCT
AthlncRNA172,CTTTAAGATGTTTGGGAAATCACTGATGTTGCACTGCTTCATATACAATGCTTCCAAGGTCAATGAGATGTATGAATCCGAACTTAAACCTGCCTGAGATATCCAATCACCGGTAAGATCGAGGACCAACAAGGATTTGAAAGAGGAAAAGAGACTTAAGTCAATTGGGTAGCTTGTGCTTAGGAAAGAAAGGTCGAGCTCTTTGAGGTTGATGAGCTTTGAGATAGGCTTTAGGATTTTTCCTTCAAAATGGTTTTTACCTAGGTACAAACTCTCTAGCCTTGATGACGAAGAGGAGTTAGGAACTTCAATTGAACCGTTGAGATTGTTTCCTTTTAATGAAAGATAGGATAAGAAAGGCATAGTGAAGAGAGAAGAAGGGATTGTTCCAGAGAAGTGATTACCAAAAAGTGCTAGAATGGAGAGCTTGGTTAGATTTTGTACAAGTGGAAGACTACCAGTGAAGTCGTTCAAGGGAAGGTACAACTCGGTTAACTGGGTGAGGTTACTAATTGTGGGGGGAACTTGACCGAAGAAGCTATTAGAGCTAACATCCAATAACTCTAGTTTGTTGAGATTGCCAAATTCATACGGGAGTGTAGAGGAGGTGAAGCTGTTAGAACCGAGACTAAGGTAAGTGAGGTGGTGCAACTCAAAGAGGCTACTATTGGGATTCAAAATTCCAGAGAAATGATTATAAGAAACATCTAAAACTCTGAGCTTGCGTAGATTCCGCACAAATGATAAACTACCAGTGAGCTCGTTATCGGAAAGGTCTAAAGCGGAAAGCATGCTTAGGTTACTGAATGAAAAAGGAACTTGGCCGAGGAAGCCACTACTTGAAAGAAACAATACCTCTAATTTGTTGAGCATTCCAAACTTGGAAGAAATTGAAGAGGAGGTGAAGTTGTTATGGATGAGAAGAAGGGAACGAAGCTCATGAAACTGGAAAAGACTACTGTTGGATTTCAGAGTTCCACTGAGACAGGCCATGAATTGTATCTTCGTGACTGCGCCCGTAGAGTTATCGCACCACACTCCATTCCAAGGGGAACTATGGTTGCAAGCACGAGTATTA
AthlncRNA18,TTTTTTTTTGGCAAATCAGAGAAGCTTTACAGCAGAGAAAAATTGGCCAAAAGATACTGGAAAAGATGAAAATAGACAAAGATCAACCGATTAGCTACTGAATAGCTAACAAAAACCCTGCATTGGTAAAGAGGACACTAGATACTAATTCATGCAAAACAATATTGAAGAATCGGGCACAATCGTTGCATCGTTTCTCGAACTTTTCTCTCTCTTGAAGGCGATTTTCTTGATCTAGATCTAGTTTCTCCGGTGAATCTGGTTTAATCGTAGGTGAAGGTTTTTCGAAGGTGGTCCTGGAGTGAGTCGTCTTTCTCTCCGACAACAGTGGCATGGTGTCTCCTGCTGATGTGGAAATAGACAGTTTTTCCGGAGCTGAACAAAGCGAGTTATATGGCTTCAGGATGTTAGGATATTTGAGAAACTTTGTATTACGAGAAGGTGTTGCTGTTGATTTTGTTAAGGTTAATGCAGTCATTAAGTGGAACCA
AthlncRNA192,GTAGGCATCTCGCAGTAATCCTCCGATCTCAACAAATTCTCCAAACAGATGGCACAAGTCTTCGATTCCTCTTCTTCTTCTTGTTGGCTCTCTTGGTCGAAATCTGTTGCCAACGGAGCAGAATCACAAGACACAACGTTGTAAACCTTGTGTGTCAATTTGACAGAGACGATCATGAATAAAGGTCGTTGTTGTGGCAAGTAAAAACTTTGTCTTTTTTGCCGTTGTTGGGCTTGGACAATCTTGTAAGATAATTGTTCGGACAAGTCATGATCGTGGAGATGGGTCTGGAGACGTTGATAGACGTCGTTTGGTTTGAAACTTGGGAGTTTCAGAGAGATTAGTGGGTCGTGACTAGTAGAAGAATCCTCCGGGTAAGATCCGAGACTTGTGACAGTATCATCCTTCTCGTTGATGAGAAATTCCTCTACTTCTCTGTATTGACTGATTAGTACCGTACTTACGAACCCTAACGACTGATCTTGAGACAAAGCTTGTACATGAACATCGAGTTTGAAAGATTCTGTTTCCATTGTCGAGCGAGTGATATTTGAACAAAACTGATCAGAGACAGAGTGAAAGATGATGATGATTCGTAAGGAAGAGAGATTGTTGAGAAAATTGTAATTGTGGAGATGTCACAAAAAGTGTATTGTTGTGTTTATATAAGCAAAATTTTCTGATTATAGTTTGTTGTAACGCGTTAACCTAATTTCCTTTCTTCTTTCTAATTTCCTTTTTTCTTTCTAATTTCCTTATTGTTTTT
AthlncRNA193,AGCCACCAGAAACAAACCAATAGCTTGGGACTGAGCCATGGGGGATCCAAATGATGCGCATGGGGAGGTGGAGCTCTTGTCATGCACGAAGACGGGTGGGTAGAAGCTTCACTCGGATTTGAAGAAGCTTCTTTTGTCCACTTTGACAGATAGGTTGAGAGCGGAGCAGACAACAAGAGGATCAAGAAAGAGCTCTTCCTGTCTCTGTCTCGAAGGGTTGAGGCACCGTGGAACAAAGGCAAGCGGTTGAAGATACATGTAGATTGAAAAAAACGGCCAAAAGCAGAATTAGATCACACCAGGGACAAGAGGAGGAGATCTCCCGATGCCGACAAGCATAAGCTTCACCGGTGCCGAATAGGTGGTTAGGGACTGCGTCTCGATGTTAGTACCCGAGAGAAAAAAGAGT
AthlncRNA194,TTTGGAAGCTTGTCGGAGAGCCATGGAACCATCACCCATAAGAAGAAAACGTCGTGCGCCGACGACGACTCCACCGGAGATGGCGCATCTGACGGTCCAAGAGACATCTCTTGCCATCAACGAATTCCGGTGTGAGTATTCTCTTGGGGTGGTTGAAACAGATCTAGATCTGTAAATAAAAGGCGGAGAGATGATAAAAGCTTCTGATTGAGGGATTGCATCGCTGGAAAAGAAAGATTTTGGCGAAGAATTTGCGAGAAGAGGGTGGAACAGGAGGGCAAACGCCGGACCACATCGTCTTCCTCCGTAGCTGGTTTTTTGGCCGCCGTTGAAAACCGGTGAAGGAGAAATGATTCGAGAGGGTTGAAACAGAGTTTTCGAGTAGCGGACAGAAGTTGTAAACAAAAGCATAAGAAGTAACCAAAGCAAATTGATCGGAAGAGCTAAGTCCCGACGCCGACGATTTGCGCCTCCGCCGGCGTCAGAAAACATATTCGAGAGAAGCTTCTCGATAACTGGGTCTGGGAGAAAAAAATTTGTCCAGATAAAATGTATTACTTAAATTTCATTTTATTGCCTCTAGAACTATTTTTTAATTTCTTTCTATATCATTTGGTTAAATATTTTTCAAATTTTTGTTTAT
AthlncRNA199,GAAGATAATAAATAGGTTAAATTGCATCCAATAGAAAGAAAAAAAAACAGAGGAAGAGAAAACAAACCTTTAACTGAAGAAAGAGTTTGAGTATGGCAGCGTCGACCATAGGTAGAGGTTCATCGGAGGATAAGCCGGGGAAAAGAACATCTCCGGTGACTGGCAAGCCCACAAGATTCCCCAACTGAATCATCGATACCGCCGGTATAGCAACGTATGTAATCCCGGCGATGTCATGGATCTTTATACTCCCGTTGCAATTTGCGGTGTTGCATGAACTCCAAGAATCGGTAAATAAAGGAGTCGATATCATTACCGAAGCTTGCAACTCACTCGTCTCGAATCGACAATCGTCCATGATTGGATATCGAGTAGAGAGTTGCAGAACGATGATGTTTATGAAGTTGTAAATATATTACAAGCAAAAAGAAATTATCTATGTATCTTCTTGGCTTGTTCCTATGTAATTTCTTGGTTTTGGTCTTTGCTAAGTCGTCTTCTTCAAAGTCTCTTACTTTAACATCATAATTTAGTAAAATTGTACTGGTTTTATAAAATAATAATAAAGAAATGCTGTGAAAGGTAGGTCCATTCTCATTTTTTAATCATTGTGTGTAGAGGACAAAAAAATATGTAAATATATAGTA
AthlncRNA2,GAAAAGTCCATTCGAAACCCTTAGACGAAACTCTCAGAATTTTTTCCGATCTTCCTCTTGTTGATCCTCTCACTCGAGCAGATCTGACGGCGAAGGCGAAGAAGCAAACGTCCGTTACTTATGGATCGATTGCTCTCAGGCTGGTTTTCATCGGAGTGTTGGCGTCGACATTAGCTTCGTCAGGCGATTGATAGTTTGATTATCATCTTCAGATTCTAAAATCAAATCCAGTTCAACTGAAATCGATCTCGATTGGAGAGGGTTATTCAATCAATGATGATGAACTCGAACTCACGGCTTACTTCAATGTCGTTCGGCGAAGAGAAATAGATGAGAATGATGATAGAATTTGGCTTTCGTTTCTCGAAGAAGAAAAATAAGAAAGAAGTAGGTGAATAGAGAATTTTGATTTCTCAAGTATGAAGAAGAAGAAGAAGAAGAAGAAGAAGAAGAAGAGAATGCGTGAGAGTTTATTGATGATAATAAGCAAACAAGGTTCTTGGTTCTAACCGTTGGGATTATATTTATTAATCTAACCATTGGGA
AthlncRNA204,TTTCCCCTTTCTCTCTCGACTTCTAACAATCGCATAATCTCCGATCATCTTCTTCTTCTTCTCTCTTCTCCGTTATTCCTCCCGATTCTGCGATTTCTCAGCTTACATGATGACTGGAAACCCGATCCCAGTCAATCTCTCTAAGGAGGGTTCTTCGTCTCCAGGGATTACAAAGAAATCGCAACGAGCTGATTTAGAAGAATTCGATTGAATAAATCAAACATGCTAGATCGAAGATGAATGAAATCCGCTGCAAATTGCAAGGGGCATGTTGATGATCACCTTAAGCCTGCTATGACCGCATTGAAGGATTTGTGGAACTTATTTCTACGAGAAACCAGGTCTAGTTATCTCTTGGAGGTAAACTCAGCAACATTTACATGGTCAATCATAGTCACAGGTTACACTCTCTAAAACAAATACTTGTGCTTACAACCAAAATCCTACTTTCCATTCCCTAACAAATTTAATTTTCATACATTTTCCTGACACCAATTTAGAAGAAACTCACTATTCCATCTTCTGAGCAACCTCTTTGTCAGCCGAGCACATTGTTTCTTCTTAAATCCAGAGTCCTTTGGGTTTCATGACCACAGAATCCTGAGTAACATACAGCTTTTCTCTCATCCCTGTGGCATTGGATGATCATGCGAATATGGTGGATCTCCATCTGATGAGTTACAAGCAGATAAATCAATTATAGATTCAACATGAGGAAGAAGTATGCAATCGAGGTTCAAGAAGCTGGGCAACTATTCAGCTGTTTACGAAGTTACACTGAAGTGGGCAAGTGTGCGTTAAGAAGAAGACCTATATTTCAAGCTATTCAACTGTTTACAAGTTACGCTGAAATCACAAGCTGAGCAAGTGTGTATTAACTCTCTTATTATTTTTCCTAGGATTAAGTTTGTAATTATGCTTGATATTATCATCATAACACAAAAATTCAATGGTAAATAATATATTATT
AthlncRNA207,AGCTGAGCAATTTCTGAATCTCTCTATCTTCTTCTGTTTCGTTCATTTTAATTCCATTAAATGCTTAAACCCCACATTCCATTAATGCTCTCTCCTTCCACTTCAATATTTCTTTTTATCATCACCACCGTCCAAATTTCATCTTACATCTCTGCCCTACACGTGTCTCTTCTTCTCCATCTCTCCGGCGATAACAGTGCCTCTGGATCTCCGCATCTTAACCGGCTCGATGAGTGCGGTGCTGTTCTGAAGAACATCGGACTCGTCATCGATTTCGTTCGCCGCGATGAGCTTCCCGTCGCTGGAATCCGTTCTGATATCGGGTAAAACACTCCCGCCGATGATCTCCGTCGGAAGAACGGTGATTTCGTGCTTCTGTAGTAACGGAACGAGAACACTCTTGATTTCGATATTAGGTTTCCGAACGGTGATTGACGTTTGTTCCATGTAGATCTCCGGTATCTCCATGGAGACACCGTCGCTGGCTCCATCGTTACTCTCTCTGATTCAGATTCTCTCTCGCATTCGAACGAGTACGATCTCTTCAGCTCCCGGAACCGAGAAATCGCCGGTGATGATTGCTCTTCCACCGACGCTCTGATCTCCTGATCGTTCGTCGTATCGGCAGCGATTGTGTTCCAATTGCTCCGCGACGGTGTGATTTCGCCGCGGATGATGATCGCGTTATTCTCTTCATCATCGAGACTCGGACGAATTCGAGGAGCCATTAACGGAACGAACGGCGACATAGGCGTTAAAACTCCGGCGGATCCGAGAATCGCCGTACGGCATAACGGACAGTTAGGGTGAGATCGGAGCCATTCATCGATGCATTCAAGGTGAAAAGCATGGAAGCATAACGGAAGTGTTCGTACATAATCACCTTCTTCGAATTCCAACAAACAAACAGCACAATCTCTGCAATTGGCGGCGGAGGTTTTCCCCACCGCGGGTTTTCCGGTGCAA
AthlncRNA21,GCTCCTCCTTCTCTCTATAAAACAAAGTCGCCGCCGTTGTTGCTAGGGTTTCGGTCCCAGTGACTTTTTCAGCACCAGAACCGAAATTTCTTGGTTTCTTCATGTTTAGTTTTTGTTTTCCTTCCTCTCTGACAGATCTGAACCTTTTTTTTTTCCAACGGTTTCAGATCTAAAATTTCAGATCTAAATCTACAATTTCTAAATTTTTCGTCTTTGGATTTTGCTGCTTGTTTTTGTCCCTTTTATGTGCAGCACCAGTTCTGGCCGTTCGAACCTCGGCAGAGGCGAGTTCTTTCACCGCCTTCAGAAGTAGATTTCTCTCCTTTGAAGATCTCGATCTCCTTTCTTCTTCTTATGACCATCATCATTTGGGTCGCGGGGTGTTTGTTTGTTCACCGCCGTTTGTGGTAAAGAGAGTCCTGGTTTTGTTGGTTTTGTTTTCCTTAGTGTGAATCTGTTTGTTTTTATGGTGATTTAGACTTTGTAATTTTATTTTTGATTTTTTGAGTTTGGATTCCGAGAAGATTGGTTCAGATGCGTGTATTTGTATGTTTGAGTTTATTTCCTCTTTAATTTTTCTTAATTAGATTTTTGTTTCTAGGAGTCTACATGTACTCGCCGGCTTATGTCTTTGGAAGGTTTGATTGCATTGCCGCCTATTGTATTCAGAACTTATTTCATCAATATAATTTACCATTCTAGTGAAGAAAAAAAAAATATTGTTGATGGAGGTGCTCTAACTCTTCTAATCCTAATACTAAAAACAAGATCGTTGAAAATTAAAAAGAATAATCCAATTAGAACAAAGGTACATCTTTCTTCTTTGGATCTAAAGAAAT
AthlncRNA210,TCATGTTACTATATCCAACCACGGGATTCACGTTGTTCAAAGAAAACATGTAAGGCCGTTGCGGTGGCTGAAGCGGCGCGTGAGGCTGGAAATTATATTGCCAAGGAGCTTGTTGAGAAGATCCAGCTGATGGATCCGACGATGAAGTGAGGCTAAAAGCAGAAGTAGTATTACCGGACCCGAAAGCCATAGCGGATGGACCGCCAGTGTATTGCTGAACCATGGCACGGAAGTTGGAAGTGTCGGTGTTGAGAAGCGTTGTTGGTGTTCTACGTGAGGCTCTGGACCTTCTACGTGTTGGCTTGGTTACACGGCCAGTTTCTGGACTCAGACGAGAGTCTATGGAGGTGGTATCACCGGCAGTGGTGGTTGTAACAGCGGTTGAAGCGGTGGTAGAAGTTGTGAAGAAGGTTTGGTTATTGTTGTAGAACTGAGACCACTCGTTGGGGTTAGCCATTTTTGTGTGTGTCTAAAGACAAGACTCCGTGAGATTGTAAGAAAGAAAAAAGCATTTGCCTTCGTTAGTTCTTTATATA
AthlncRNA211,AAAATAAGCTGGCTCCTCCCATCACAACAACAATAGCCAAAACGGTTGAAGAAGATCTAGAGGCGGAGCTAGATGTCGAGGTTTTGACATCCTGATCCGCTTCAGATTGAGCAAGCGTATCGGGGGTTCCTCTTGGACTAATGGGCGCGTAATCCCCCACCACCACAACACCGTCTGGTGCAAGTTCTAAGGGGATTTCGTAATCCGGATAATCTTGAGATGGACCAAGACTATCAATCAAACTCTTTGTAGAGTTATCTACTGTTGGTTTGTTGTCAGCAAGAGTCTTTGATGAAGATGGCGATTGAGACTTTTCAGAATCAGCTGCTGAAATTCCATTAGCCACGGTTAGAATTACGAAAATGAAGACAAGGAAGAAATGACTCGCCATCGTATAATTTGTAATATAGTACGTGATGATATATTGATCCCCTAGGCTCTTTTATTCAAATGGACCTTTGTGGGGTTATAGTATTGAATTGTATATACGATGATTTTCTGTGAGGTTCACAAAAGTAGATCGATTAAACAATCAAGGTGAATTGAAAG
AthlncRNA213,ATGGATTAGATTCGCCTGAGCGTCTCCGTCTTCCGACGCCGAGCTCTCTCCGTCAATAATGTCCTTTTCCGGCGAATCAAGTTGCACGCTTTCCGGAGTCTCCGGAATTTCACTTTCGTTTTGGCTATCTTCCGGCTCTGAATTCATCCTCAAATTCTCTCCTCTAACGAGATTCAACACAAATCCATTGTGTGTTCTTCCCGTCTGAAGATAATCGCCTTCCGTGACAGTGATGCTATGAGAAGACGACGAAGCAGCTACAATCGAATCGTTCTCCGAAGCTCTAATCTGTTCCGGATCAACGGCGTCGAGATTCTGGACGTAGTCAGTGAACATCTGAGCAGAATTGGTCCTCATCAATGGTCCGCCAGATCTAGTCCAATCTTCAGCTTCTGGAGAATCACATTCGCTTCCTGCGTCATAGGTATGGCTTAAGTTACTGGTTCGATTACTATTCCTCCCAGATCCAACCACGATATGCTGGTACAACCGTGAAGCTTCAGCTAGGACATCATCATCGACGGATCCGGAGGAGTTCTGACGAGCTATACAATTCCAGGAAGGGATTCTTTTGGAGGCGTTGAATCTATTGGTTCCGGCCAAAAGATGTTTAGATGGTGGAGAGGAAGAGATGGCGGAGAAAGCAGCGGCTCTTTCTGCGCTGCGTTTAAGGCGGCGCATGTGGTTAAGAACGGTGACGCACTCGTCGAGTGCTAGTTCGATCCCGAAGTTTGCTTTGATTACTGCTAGTTTTTCCCAGGTGCATCTCCTTCCTTGATTTGCTGCCTTTTGAATCTCTACATTGCTTGGATTTTGTATGATCTTCAAGTACTGAACCCGGAAACATATAGAACCTCTATACATTAATAATTGGATTAAGAGTGAGGAAGTTTTCT
AthlncRNA215,AGATCTCAGAAACAGAGGATAACGACAGAGAAAGAGATCATGAAAGTGTAAAGAAGGATCAAGAACCCAAAATAGAGAGCCCAATTTCTCTTAAACTTGCCAAAGTAGCTATCAGGTGGTTCTTGATACGGAACTTCCAGATCCCAAGCAGCAGCAGAGGCCTCATCACCGTCGCCTCCACCGAGGAAATCTCCGGCAGCGATTCTTGACTTGATGAAACGGAGCTTGTGAGTGGCGAGACCGAGAGTGAGCTTATGGCAGCGACGCTGGTACTTGAAGCCGTTGATGCAACGGAGAGTTTGAGCGACGGAGACGTAGAAGAAGAGGTGAGAGAAGGATAGGAGGCAGATGGGTGCCCAGCAATGGCGGCAGTGAAGACGACCTGAGGGTTGAGAGAGGGAGAAGAAGATTACGGCGAGGAAGATGAAGAAGAGCTGAAATAGCTTGTGGAGCTTCTTCTTCTGGTGGTCAATGGCTCGTTTCTTCTCTAAGGTTTTCTCGAAGTGGAGCTGGATTATTGAGTTTAGTGCTTGTAGAGCAGTTTCTTTGGGGATGAAAGGTTGGTTATTCTGGTCAATTTCGTCGTCGTAGTCCGCCATTGAAGGACTGAGAAGAGAGAAAAAGTGTTATTGGTTAGAGAGATGGTTTGGGGATTGTGTGTAGGAACATGTGGGTGTGGTTCGTATCTCTAGACAAGTATTATCCATCTCAACGGTCTTGTTCTGATTTTTGATGTTTTGTCCG
AthlncRNA218,CTAAGGATTTCACGGCGGAGTCAACAGAATCCAGCATTATGTCGAACAGATTGGTGTATGCAACTCCAGTGTACGGATCTATGTATCTCCGGCGTCTGGGGCTGTTCATCGGCTGAAACAGAGCAAAATCCAGAGGAATCGAAGGGAATGATTGTTTATAAGCGAGGTAAGGGTAAACGTTCACCATGAGAGGTGAATTTGTTCTTTGTAGAAACCTTATGAGTGGTTCCAAAACCGAATCACCGATCGATTGATGGAAAACAGCAGTCGAAGGAGGGAATCTTCTGGAAAGAATCGCGAGAGAATGCGTTGTGGAGACTTTGATCTTCTTGTGTAATCTGTATCTCTTGATTGCTTTGTGAACGTTGACCATAGCTGAGACTAGGTGGTTGGAGAATTGCGGGAGTAAGGAGACTTCGTTTCCGACGGAGATTGCTGTGATGATTGTGTTCTTGTGGTAAGGTAAGATGAAGTTTCTGATGATTGATTCAGCTTCGGAGAGATTGGTGGCTAGAGATGGGATCTTGTCGTTGGGGATACAGAGGGAGAGAGTGATTCCAGTGTTGGCGAAAGATTTGGTGATTCTTGGATCCAAGTCAAAGGTTTTGACATGTTTGATGGAGAGAGAGTTGACTAGCGATGGTATTGCTTCTGGTGGTGGTAGGTTTGAGCCGTAACGACCATAGTTGATTCCGATCACTGGACCTGGAAAAACAAACAAAAAAAAGTCATTGAGAGTTAAAAAGATTCGATGTTCTCGTGAATCACACAATGGAATCGAAGATTACTACTATCTTCAAGATTGGAGCTGTATTCTCCGTAGTTGATTCCGATTTGTGGACCTGGAAAACGAACGAGAAAGTGAAGGAAAATGAGAGAAAAAGAATCAATTTTTTCTCGGGAAAAGTATAACAGAATCACCAGATTATTTACCTACAAGCGATGGAATCGTGGAGCAAGAAGCCATTGAGATGGAAAAAACCAAGAGAATCCAGAAAGCGTTTTGCATCGTCGTCATCAGGATCATCTTCATCTTCTCTCGACTGTGTTGAGTGATTTTGGTGG
AthlncRNA22,TCACCCGTGTATCCAGTGTTATTGTCTTTTGGTGGTGTGCAAACGCTGTAGGGAGCTTTTTGTGCAATCTTGGACACAATCTACAAACAACGTTTGTGTTTCTGAAGTAAGCAAGAGCTCTTTCGACGTTTGTTCTCATTACACCTTTGTTCTTGATCATTGGTAAAGACGTCTCGTCGTTCCACAACATTACTCTCACCGCTACACCTTCCTCTGATTTCCGTTTCAGAAGCTCGCCAACCGTTACTCCAACCGCATGTGGAATCTCAGTTTCGTTGTCGCGTACAAGAACAAGATTAGGGTTTAGTGCCCATCCTGCAATGTAAACCAAGTGCCTAGCACTTTCGATCGCTTTGTAAACATCTTCCCATAGATTCCTTGCATTAAAAGGAACATCATCAACCCTTGGATCAAATGTGGCCTTGTGGTGTGCATCTTGATACAGTACGACTCTGCAGTTCGATCTTTGAGGGAAGCTTGCGTTCCTAATACCTTGAAAAGACGCTTCTTCAAGCGCTCTGCACCATCCCGGTTCAAGATAAGCCGGTCTGAACCACATCAAACACTTAAGCTTCAAGTTACGTTTCGTTGACCCATTGTCTGCAATCAGAGGGAAGAACCCGTTGATAACTGCTGAATTAGATGTCAGGATCTGTTCTGCAGAGATTCGGAATCTTCCGAGAACAGAACATCGAGTCTTGAGCGTGATGGTGATAGTCGTGTCAGTAACCGGGTGAGCGCAGAGGATCTGAAAAGTCTGATTCCAAATACGGTCGTATTCTGAGCTTGTTTTAGCAACTTTCTTCTTGTTTATCTTGATGGTCACGTAAGCTGCTTTTGGCTTTGTACATATACACTGTGAACAAAGATAACAAAAGCTCATGAAAATGAACACAATGATAACATCATCAGAGTCACTAATTCAGTATATGATATAGAC
AthlncRNA222,CCAGGAAGAATAGAACCTTCATTTTTGGGATCTGGAACAAGTGATGTTCTTGACATATACGGACTTAACGTGCTAGGTATATCCGAGATATATCCTGAGTATCTTGCCGAGATCACAGCAGGTTCTTCAAATTGTTGTGGTAAGCTTCCAAGTTGAGTTTCATATTGGTCGAAATCTTCTGTTTGACGGTCCTTTGGTAAAGATGACAAGCTTGATGTTGAAGTTACTTCATTGTCATCATTACTTTGACTACTTGAAGCAAAACCTGGCTGAGCACTGGTACTTGCATCTGATTTTGGATTCCCTGTAGGGGAAGACAGTTCCCTTCTGCTCATAGAGGGAATGCTGGCTGGACTTTCTGGAATATTTGTCAGACTCCTTCTGAAGGAATTTTCTCCTCCAGAAACTGCTCTTAGGGGACAATCAGAGATGGTGACTTCAGTGGATGAAGGGAGTCCTTCTGGAAACTTTTTTCTTAAGCTGGGGCATCTTTGTATTATGAGTTTTTGGAGGCAAGGAAAGATCCCATCTTCTAGTTCCGGACAAATCCATTCGTCCCATCTTGGCATGCCATAGAACTTTAGAATTTGCAAGGATTGAAACGGTACACCTCTAGAGTTGTTCTCACCGAAGAAGAAGTCTAGACCAACCTTCTGCAGAATATTAAATTTTTCAATGCTGAGATACTTGAGTGAAGGCAACTGCCCCACTGGAGGCAGTGATATGCAGAGGTTGCAGCTACTGAGAGTGACGGACGTAATACCGAAGAATGAAGAATCACCCAACCACTTAGGAAATGCTCCACCCTGATAAGATTCAATGCAGAAC
AthlncRNA227,CAATCTCGTACCGGACCCGACTAAATAGTTAAACCACGATATTAACCTAGCCGCGTCCTTTGGTGTTGTGACCTAGCGTCAGCTCCAAGTCATCGATACCAACATCGTGAATCTTCTCACCTTCCCACGGCTTCACCGACACATCTACTCCGACGGAGCTAACGCTTTTTCCGACCAGGTTAAATGTCGGCGACGGAGGACATGTCTGAGAAACGTTAACCGATTGGAAATTTCCCCATCGACAAGAATCAACCGTCGAAACATCCGATTCATCGCATTCTGGAATCGATGTGTAGTGATGGAGACGCCGTGTTGGGCTTGACGGAGCTGAGACTGGGAAATTACTGCTTTGCCATCTCGGAAGTCTCGGATTTGATCTTCTAGGTGAAGAAATCGGCGGTGTAACAGGGGCACTATTGGAAATTCGTAGAGGAGCGAGGTTTCCAGACGAAGCTAGGTTTTGGAGATAGGGAATGAGATAAGTCGAGGATTGATTCGGGTCAAACCGGGTCGGACTTGGGTAAGATGACGATGAAGGGCTAGCTTGATACGAAGGAATTGGGCTTTGAAAGGCCGATGATTGTGGACTAAGTTGGATTGACGAACACGGCACTGTTGTTTCTGTTGGTCGAGAACCCTGACGGAAAAAAAAGTCAATTCAATGTCTGAAAATTGTTTAAAAAGAATCAAAATTTGGATGAATCTGAAGTTAAAGTTGAAACCTTTCGATAAGTGGTGCCATCTTCATGAACGATCCAACCAGCTTCAAGACAAAGAGCTTTGAGGACTTCATTGTTGTCACAGTGTTTAGGAAGTTTATAATTGCCTTGAGATCTAAGTCCGGTGAAGATTTTAGCTGCTATTGCTCTTCTTCTTCTTTCTCTCTTCTTGTTGTTCTCTCTTTCCTTCCACGTCGGCATCCTCCCCGTCGCCGCCGTTGATCCTCCTCCTGATGCCGTCATCTTCTATCTCCCACTTTCTCTGTTTTTGTTTTTTACTTTTCAATGTCTGGGTTTTTGTTGTGTTTGCGTAATTCTCGAGGAGAGAAAAAATGACTAAAGAATTTTCCTTCACGAGGAGAAAAGAGAGGCAAAAGTTAAATAATTTTAATAGAGAAAGTTTCGTATTTATAT
AthlncRNA229,CATATCTTAATCACTATCACTCTAGCTGTCTCATTAGCTTGACGAGTCGACACGGATGGAGACTCGGCAGAGCGGACAACTCGACTCGGTTTTAAGCCACCGATCCACACATTCGCAGTGGTAACAATGGCTACACGGAGGAAGCACTTTCATCTTCTCTCCTTCTTCGAAACCACCTAGACATATACAACACTCCTTCTCCTCCTCCTCCTCCGCCCTTTCTCTCCGGCAAAGCACCACCGGCAAGCTCCGAATCTCCGCCGGATCAAGCCCTCCGCTACGGCAACGCGTGAGTCGATCGGGAGAGGACGCGTGGAGATTGATAGAATCCCGGGGGAGGCAGTTCCGGTGGATGTAGAGAGTGAGTAGTGCGAAGAAGAGCACGACGGAGAATAAAGCTAAGGCGAAGAAGAGTGTCCGGCCATGAATCTGGAAGTTCCGGTCGTCGTATTGATTCTCGTGCCAGTACAAAAGCATCGAGGCTTGTGGAGACGGTGAAGATGACGTCATTTTCCGGTTGGCGATGGATGGTTACTTACTTAATTCTGGCCGTTGATATATAGTATGTATAAAAACAGCGTCGTGATGTATATATATAGTATACTAGTGCTAATCTCAGTCACGTGATTGTATTTCCTTAAATAAAATAACAGAAAGAGAATATTAATTTGAGTTAAACAGCTTCCACAAGTAGTACAACTGTCTGTACAAGCAAGACTCAAGTTTGAAGGAAAGTGGGATTTTTTTTTGTTACTTTATATATTGTTTTAATTTGTCTTAATTA
AthlncRNA23,CTTACCACTGAACCTACAATGGTGATTGAGCTCCTGCAACAACAACGATTTTGACAACGGTAAGAAGCAACGGCGGTGACTCATGAATCATGTCTCGTGATGAAAAAGACGGCAAGATCTCGACCTCCAATTAGCGTTGGCGACGATGGTGAGTTTCAACGACGATGGTGAGTTGAGCGATAGTGAGAAGCGAAGGTGATAGTTTGGATCTCTAGAATTACTTTTCCAAATCCTCTGTTATTAGTTGGTGACGATGATGATGAACTCTATTGACAATAAAA
AthlncRNA236,CGGTATCTGATAAGAGCTTCAGTTCCTTTTCCATGAGAGCGGTTGGGCCCTCATTAGCCCTGAGCTGCTGACTGGAATCAGCTGGACTCAAGCGAAATGTGGTTGAAGATGAGGACTGGGACTTAGAAGAAGACTTGTATGAAATCCGGAGGAGTCGGAGAACAGAGAGGCTTGATAGAACGAAAATAAGAAGAGGGGAGGAAGGAGGTGAGAACCTGAGTAGAGGATTGAGAATAGAAAGGGAAGATTGATGAAATTGCGGAGGCATTATTACTATTCTCACCTCTCTTTCAATATCATCCGGTTCTCAAAAGAGTCAAGCTTTTGGTTTTAAATGTCATCAAATTATGTGTTTATGTCATCTTCGAGTGAATAACAAGGAAAAGTCGTATTGCTTCTGTTCCAAGATGCTCTCTTTTTTCCTTTTCTTGTTGTCATGTCATTTGCTTGTTAGTT
AthlncRNA238,TAGCAAGTGGTCACTTTGATGAATGCTGTTTGGATTGTGAAAAGAAACTTACGCGGTGGTTTCTTGACCACCACCTTGGGACCCTGTGCTGTAGAAGATTCCGGCTGGTTTACCGGCGAGTTGCTGAGTCCTCCAAAGGCCGCCGGTCGCATCTAAAAATGCCTTGAACTGAGCAGCCATCATACCAAACCTCGTTGGGAAGCCGAAGATAAATCCATCAGCCTCAGCGAGCTCGTTTGGGGTGATAATAGGAGCATCACTCTTTGGTGGTGCACTCATTTTAGAGAGCACATCTTCTTGGAGCGTTTCGGGTACCTGTCAAGAACAAACGCTAGCTCAATACTTCTTCCAATGATTCTTTACAGGTAACTTATGATCAGAAACACTGACGGCAGAAAATAGATGCAGAATAAAGGAACATGCCCTTTTGTGTAAATAAACTAAGGGAAAGCAACACTATATACATTAAAAGTAGAGGTTATGGTAAAATATGCCAATAGGATACTATAGTTTTGTTTTGGTTCTGAACACAAAGGAAATAACTTGTAGTGACTAGTCAAAATAAAGGAGCTCGAGACATCGAATACTGTCAAGAATGTTGGC
AthlncRNA241,CTCACCCTGGCGATGTATTCGTCAACCGTTGACTTCTCGTCGCTGCAAGTCTCCACCACGTTGAAATCATTGAAGAACAGAGTCGCCAACGAGTCAATCTCACGAACCGCGGCGAAGAACCCGTACGACGTTCTTCCCCAGTCTGCTCTCGTAGAAGTCGAAGTGAAGCATCTCGTTGCTCACGTCCCAATGCACGAACTCTCCTCTGTACCGAGTCATTAGACTCTTGATTCGCCGGTTAACCGCCGACCGGAGATCTTCGCCGGTTAGATTACGAACCCAGTCGGGATTGTATTTGGGATCCTCCCAGAATATGTTGTGGCCGCGAGCGATGATTCTGTTAGCTCTGACGAGATTCATCATCTTATCAGCCAATGTGTAGTTGAGTTTGCCTTGATCGGACTCCGTCGCGTACCATTTCAGCTCGTTCTCGAATACCGTGGCGTCGAATCTCTTGACGAACCATTCCTACCAAAACAGAATCCGTTTAAAGAAGCAAAGACATTGTTGTTTTAGTGTAGACTTTAGCGAGTGTGTTTTACTTGGTAAGGAATGTTTCCAAGGATAGTTTTGGAGATGGCAGATCCAATGGGGAAGTCTTTAGAGATCTGCTCTACTGTCACCTCTGCTCCTTCAACGC
AthlncRNA246,CATTGAGACAACTGCTCATGAGATCTAACTCGACGACCTTGCCTGTCTTAGGATCACAAGAGACACGATTCCAAGAACAGCAATCAGTCTTGTTCCTCCACGTCTCTGTTGCCTTTTCACACTTCATATGGGGATCGAACTCTTGGACGTAGAACTCGTTTTTGAACTCTAAAAGAGCATCCCTCTGGTCGGGAAGACACAAGTCTTTAGCAATGGCAAGTATTGAGTTAGAGAGGCAGAAGATTAAACACAAGCTCCATATTACTGTCATCATCCTCCTCTCACTACAAGAATGCATCCTTGTTTTATTTCTTCTGTGAAACGAATTGATCGTTGCTTGACTTGACAAGTCTCCTGGGAAGGATAATTGCTTCCACAGAAAATTGAATATCTGACTCTTAATTGCTAGATCCTTGGATGACACTTACTACATCTGTGGAGGAGTGTTATAAGAATTCATCATCATTTTTCGCGTGTGGCCATCGACAGTTTCTACTTAGTCAAAGGAGTGTTTTTTTGTTGAAAATGAAAGAGTGTCTACTGTTGAATGAAAATAAGAGGAATTGGTTGCTCCATTTGTCAACAAAAGTGTGGTTGTTTG
AthlncRNA247,TTTGAATCTGAGTGGCTTGTGGTATTGGACCTTCAAGCCTGTTGTACGAGAAGTTCATCCACTCCAGAAACGTAAGTTTCCCGAGCTCTGGCGGGATACTGCCGGATAATCTGTTTTGAGATAGATCCAATGATTGGAGATTGCTCAAGTTTGATAGAGATGGTGGAATATGGCCTGTGAAAGCGTTGTTTGACATGTTGAGCACAATCAGTTCCTTGAGTATACCAATCGATTCTGGAATATCTCCTTCGAGTCTGTTTCCGGAGACATCAATGGTTTTGTAGATTGTGAAACCACTCCCAACCAGCTCCATATTTAATCCTTTGTTCGTCAGAACCACAGAGTTATGATAGTATCCCTGGAAAACTCCTAAAATGTGAACCTGAGGCGTAGTATCAAAAATGTCTACGACTGATGACATTGCACTCCAACCTGCAAAGTAATCTGATGGCAAGACTCCAGTGAAGTGATTTTCCGAAATATCAAAGATTCGCAACTTGGGGAAACTCAAAGAATCTTCAAGAGAAAATATTGGCCCATAGAACTCATTAGAACGAAGGACAAGAATCTGTAGATTGGACAACGATCTCAACCAAAATGGAAATTTGTCATTGATTCTGTTATCTTCCACGTTCAGAAACTCGAGGTCAGTGCATTTGATCAGAGAC
AthlncRNA251,ACGTCAATTTGTAAAGCAGAGCAAAACGAATTACAACTTGGCCAAAACTTCGACGTAAAAAGCAGCACATCAATTTGCTCTGCTTGGCGACGGTGGTGGTGGTGGAGATGGTGTTCCAATGGTAGTTTCGTTGTAGAACGAGTAAAGCTCGTACCTTGAATTACAACTTGGCCAAAACTGTCTTGCTCCAATTCTAGAAAGTGGCATTCTATTGATGGATCTTGTCAGACATCTCAAACAGTCTTGACTTGTAAGATCAGGAGTGCATTGAACAAGCCCGTACAAAGTCTGGAGTTCGGTCAATTCGGTCTTTATCGTAGAGAATTTTCTAGAACTGTTGGCTGCTTCCATGGCAGCTTGGTTCATATTAGATTGCACCAAAACTATAAACTGGTTTATTTGACTTTGATTAGGAGAAATAGTGTTGGTGTTACTCAAGATAAATTCTCCTTCGTTTGTAATGGCCGTCGATAGAATATTCTTGTCAGAGTATCTGAGTATACACTCCTCGTAATAGAACACAGCTTCTCTCTGACTTGGACACCTAGTTAACGCTTCGTCAACGGAGAAGGCAACGCAGTTACTGCAAACTTCCGGCGAGAGGTCTCCGCGGCAGAGGAAAAGTCCGGTGACCAGGTCGGGGGTTTGTCCCACCGTGACGTTCTGGAATCCGGTGGAGTAAGAGGCGTTGCGGGAAGCAAAAGAGGACAAAAGGGTTCTGAGATTGGTGGAGTAAGTGCTGAATCTTGAGTAAGTTGTCGTATTTGGACAATAATGATTTAAGTAAAAAGGATCTTGAGCGGAAGCTTTGAAGCTAGTGAGGAATGAGAAAAGGAAAAGGAAGATAAAAGAGATCAGAGAAGACATGGTGTTTTTTTCGACTTCGTTGATTTGAGTTTCACATCATGCAGCTTCCATTTATTAACGTGAATAGTTTGTGACGACCATAAGTCATCAATCAAAGTCAATGTAAACGATTTTTTTT
AthlncRNA253,GCGTACATACAACACAGTACATAGAGATCTAGAATCTAACGGTGGTGGGACCAAAGCAGCTAAGACCCATAGCTTTCTCAAAGGATGTCTCAAAGGGTGTGGTGGACAAAGGTTTGGATCTGATGGAAGTAGCCGAAGATGAAGACGTAGGAGGAGAGGGACGAGATGGGACTGTAATGGTACGGACGCGAGCCATTGCTTCTTTGTGGAGTAAGCGGAAAAGGTAGTTCCACCGAGCAACGCCTTGGTCTTTTAGCACTTCCACGGCTGCGATCGCCGTCGCCACCGCCCACGAAGCTTGCTTTCCGGCATTCATCTTCTTTTTTTCTTTTTCTTTTCAAATTCTTCTTAAAACAGTGTGTATTGATCTTTGGACAATGTGTTTGGAGTTTCGTGGAGGATTTGGTTTATAAAGTGTGGAGTCGAGAAAGTGGTACATAAACGAAACAAGAGGCTAAAGAAGCCGCAGGAAATTTGGGAGCTCGTGGTTTTCATTTTCTCATTTTAGTTAT
AthlncRNA256,TGTAACCAAAACCAGATTCAAATTGCAAACTGAACTAAACCGGAAAACAGAGACTTGTGAACCTGAGAGCGGTGGTCGAGGCTGCTGCTGATATCAATCTCGGTGAGCCAGATTGGGAGCTGGAGCGTAGCGAGTTTATCGAGGATGGCTCTCATCAGCGCTACGTTTGGCGTCGTGAAGTGACCCTCGAGACCGATTCCGTCCATCCTTATGCCGTCGTACCGTTGGAGTTCCCTCACCCTGGCGATGTATTCGTCAACCGTTGACTTCTCGTCGCTGCAAGTCTCCACCACGTTGAAATCATTGAAGAACAGAGTCGCCAACGAGTCAATCTCACGAACCGCGGCGAAGAACCCGTACGACGTTCTTCCCCAGTCTGCTCTCGTAGAAGTCGAAGTGAAGCATCTCGTTGCTCACGTCCCAATGCACGAACTCTCCTCTGTACCGAGTCATTAGACTCTTGATTCGCCGGTTAACCGCCGACCGGAGATCTTCGCCGGTTAGATTACGAACCCAGTCGGGATTGTATTTGGGATCCTCCCAGAATATGTTGTGGCCGCGAGCGATGATTCTGTTAGCTCTGACGAGATTCATCATCTTATCAGCCAATGTGTAGTTGAGTTTGCCTTGATCGGACTCCGTCGCGTACCATTTCAGCTCGTTCTCGAATA
AthlncRNA258,ACCTGATTTCTTCAGATGTCCGAGACTCGTTCTTCATCAGTCGGCGGAAGTCGCCTTGTTCCCGATGATTGAGTCCGAGATCCCGAAGAATACGAGACCGGAAGTGAAAATTGCTCTCTTTCTCGAACGGCTAAAGCACCGAGGATCAAAATCAAAGGGAGAGTAGGATGGTTTCTGGATATGCGAGTATGAGATCGTCAATCTAGGAGCAGCTGAAGAAGATCCATTCTAGAGTCTAGACTATTACCTTGCTTTCCGTTGAAATCTTCCTGAGTAAGCGGGACCTATCATCACCACAAGCTTTCTCCATCTGATTGAAATGTTTTTTTTAAGTCTACTTTGTTCAATAATAGAGAATTTTTTTTTTCCTGAATAGTTTAAGTCTACTTCGTTCCCACTTCCCAAAATTGCATGTTACATATTTGTTATTTAATTTGTAAACTATCCAAAGCATGAACAGCCGACTAGTCCAAGATTCTTACACTATTCACGTTCTCAGAGAATTTAGATTGGTATTTGAATAAGATAATCTGTAACTATGTACTATGAATATGAATGTCATCGTGCTTCTTGAAGAGTCCCAGAGTTTCAAAGTCACAAGCAT
AthlncRNA260,CTTTTTGTTTACATGACCGGATGTTTTCCGGTGTTTATCATGTCCTGTCCGATTTAGTCGAGCTCTTTTTCCAACATCTCCAGCTTCTATAGTGGTGGTGGTTGGCCCTAGTCCGGTAGCATCTGGCTTCTATAAGCAGAGTTAGCCAGTTTTGACGTTTGTGTTTGCCGTCGGTTTGTTTTGATTTTCTTTTCGGTGCTTTTCGGCTTTGTCGTCGCGTTTCATTGGCGCTTGTGAAGATACTCCTCAAGTCGTTTATGGGTTTATTCTTGAAAAAGGCTTGATCGGTGATAGCAAAAATTGGGATTTACTTGTAGAAATGAAGAATATTTGATTTGAATAGATGTTGATTCGAACTGAAATCATCATGGGTTTTAGGATGGAGACCACGACTTTGACCTTATGATTTAAACGATGGAGATACATAACTACAAAGATGTATTTTCCATGTGGTTTTCCATTAACTACGAACACGATGGAGACCACGACTTTGACCTTACGGCCGGGTATAAACGCCGTTGATGAACCCTACGACTGGATATAAACGTCGATGATGACCCGACGGTCGGGTATAAAGCCGGTATTTTGGAGACATGTCCAATCTCATACGTGTTACCAGCTATGAGCTTGCTGGGAGGTATTGGGATATGGAGAACCGGAGATAGACCAAGAGCGACGATTGAGATGAAAAGATCGAGATATGGCAAGAAGATATTATTCTAGAAAATAAATGTTAATATTGGAGT
AthlncRNA261,ATTAGGCAACATGCAACACTATAGGATGCTATAATAAAAACACACCAAACCTTGTGATATGTGTCTTGAATATGATTTACTTGGTGTCAAAGACCCATTTGTTCTACACTTGAGGTTACAATAGAATCATGTTGTGGTTCCATATAATCATACAAGAGTCGTCTCGTCCATTATGTGTAGCTTGAACGCGATAAAGCCATGGTCCTCCAAAGAGAAGTTGATCTTCCTCTTCTTCCATGTTGACTACATAGCATGTAACTTTGTCCTTATAGAAATCTCCGATTGAGACAGGGACTCTACACGTCTCCTCTGCGACTTTATCCTCTCTTCTCGTTGCCATAACCCTAACAGATGGATATTTTTTCAGCGTCTTGAGTTTCAACTGCTTCACTAAACCTTTTGAAATGATGTTGTTTCCGCCGTAGAGGACCAATCTGCAGGCTTCGTCGTTGATAACACATTGTGTGCGGAAAACAAAATCTGGTTTCCAGTCAAAGAAGTTTGTTATTGTATTACTACTACCTTGTTGAGTTTGTTGATCATGATGATGATTGTCTTCTTGATGCAGTAAGATCGCGGAAACCTCGATAGGAGTCATGTTTCTCGCATTCCAATCTGTTGGTTGCGGTCTCCATTGGGAGGACTCATTAGTAGCAGTATCTTCTTGTTGAATTCTTATTAGGGTTTGCTCCATCTCCTCAAACCGTCTTTCGATGTTACTCTCAATATCCAAGGCTTGTATTTTACTGCTTCTGTCTTCGGCCATTGTGTTGCCTGGAGGTTAATCACTTGATTTTGTGCTTTGTGACACAAAATTTTGAAAATTTCCTGAAACCTGAAAGTTTGTAAATCAGCTGATTGTTTGATGTAGTTCATAAGAAAATCTTTTGGAATAATTCCTAAACTATTTTTAAATAGATAACTACGATTAATA
AthlncRNA269,GACCTTGTAAGACCATTTCCATTTAGTCATGTCCCATGTTCCGGAGTTAACTCCATTCAGTGTCACTGGGCCAAGAACTCCAGTATTCCAAGTCTCATAATGCACGCCAACGTTCTGTGAGCAATGAAGGACCAGGAAGCTTAGAACGTAATCAGTGTATGAGAAAAAAGCGCAGAGATAAACTGAGGAGAACTAACCGGCAGACCCGCTGCAGTACTCAATAGAGCAAGTTTGTTGACCCCTGCATGTAATTTGATCTTCTGACTAAATGTTAGCTTTGGCTTCTCCAGTGATCCATATGCAGTTCCTGAAACAAAGAAATGTTTAACAGAAGACAAAGGCAAGCTACCATGAGGATGAGTTTGGCCTATCTTAATGTTACCTGCAAGCTGGCCATTAACGAATACATGAAGAGCATGCCCAGCTGACCCAATAGTAAGAAGAGGGTCTTCACCAGTTAGGAACTTTTCATCAGGACTGATTGTAATACTGATTTATATCCACAGACAAAACCAACCGTGAGTTCTCCCTTTGAGACAGGAAGATAGATAGTAACCAAAATGTTGTCAAGAATTTTCTAGTATTACTCACTCTGTCAGATACCAGAAATAGTCTGTCTTGTCTCTGGTGATACTTATCTGTTCCACAAGCCCATCTTGTGAAAAGGAACCATCTTCATGTGTATGCTTGATGTACGGACCTGTACCTTGTAACACAGAGGTCAATTTCAGTGATACCATCACCCTTAACATATCAACAAGTCGGGTAGAATACTGACAGACCAAGGAGGCAGATCATATGTAGATCCGCCAAACAAGACTCTTGCAGCAGAACTTGTGTTGTAGTTTGAGAGAAAAGCAGCGCAAGATGACTTAGACTTGAACACGTGAGCCTGAAAAACAAAACATGCCCACGAAAAGGATCAGCAGAGACCAATGCCGGTTCGCAGAGCTTGATGACCTTATGCAGCCTTTTCAAGTGACTATACTTAGGTAATGAGACTTCAAATTACCGTATTCATCAAGAGGAGCATCATAGTCATAGCTGGTGGCGATGAATTCACCGGCTGTTCTGTCGAAGTTGGTTCCTCCATGTTGATGAAAGAGCCACCGTTCTGTATGAAGCGAGCCACGGATAAGGCAATGTCTTCGGCTGGCCTGTATGGTACTGCACCTCCAAACTCTGTAAACCTGATAAATTATTTGCAGATTCACAAATAAAAAAGTTATTTCGTACAAAAATAAAAGATACATTAAATTTTTATTTTCTTGGTCTTAAAGATTTGTATTGAATAGTAATATTTTTGGAAGGGACAATTGTGTTGTGTGACTTACCAACCAGTCCAGTT
AthlncRNA270,GACCTTGTAAGACCATTTCCATTTAGTCATGTCCCATGTTCCGGAGTTAACTCCATTCAGTGTCACTGGGCCAAGAACTCCAGTATTCCAAGTCTCATAATGCACGCCAACGTTCTGTGAGCAATGAAGGACCAGGAAGCTTAGAACGTAATCAGTGTATGAGAAAAAAGCGCAGAGATAAACTGAGGAGAACTAACCGGCAGACCCGCTGCAGTACTCAATAGAGCAAGTTTGTTGACCCCTGCATGTAATTTGATCTTCTGACTAAATGTTAGCTTTGGCTTCTCCAGTGATCCATATGCAGTTCCTGAAACAAAGAAATGTTTAACAGAAGACAAAGGCAAGCTACCATGAGGATGAGTTTGGCCTATCTTAATGTTACCTGCAAGCTGGCCATTAACGAATACATGAAGAGCATGCCCAGCTGACCCAATAGTAAGAAGAGGGTCTTCACCAGTTAGGAACTTTTCATCAGGACTGATTGTAATACTGATTTATATCCACAGACAAAACCAACCGTGAGTTCTCCCTTTGAGACAGGAAGATAGATAGTAACCAAAATGTTGTCAAGAATTTTCTAGTATTACTCACTCTGTCAGATACCAGAAATAGTCTGTCTTGTCTCTGGTGATACTTATCTGTTCCACAAGCCCATCTTGTGAAAAGGTACCATTGTCATTTGCAGAAGGAATCTCTTCGTTGTATGAACCCCAAGAGAATGGTGTGTTTGTAGGAACCATCTTCATGTGTATGCTTGATGTACGGACCTGTACCTTGTAACACAGAGGTCAATTTCAGTGATACCATCACCCTTAACATATCAACAAGTCGGGTAGAATACTGACAGACCAAGGAGGCAGATCATATGTAGATCCGCCAAACAAGACTCTTGCAGCAGAACTTGTGTTGTAGTTTGAGAGAAAAGCAGCGCAAGATGACTTAGACTTGAACACGTGAGCCTGAAAAACAAAACATGCCCACGAAAAGGATCAGCAGAGACCAATGCCGGTTCGCAGAGCTTGATGACCTTATGCAGCCTTTTCAAGTGACTATACTTAGGTAATGAGACTTCAAATTACCGTATTCATCAAGAGGAGCATCATAGTCATAGCTGGTGGCGATGAATTCACCGGCTGTTCTGTCGAAGTTGGTTCCTCCATGGTACTGTTTAACAACATTTCCTCACTCCATGAATAATCAAATCTAGTATTTAAAGTTTCAACTATAGAGAAGCTGAATGAAGTTACCATATAATAGTTGATGAAAGAGCCACCGTTCTGTATGAAGCGAGCCACGGATAAGGCAATGTCTTCGGCTGGCCTGTATGGTACTGCACCTCCAAACTCTGTAAACCTGATAAATTATTTGCAGATTCACAAATAAAAAAGTTATTTCGTACAAAAATAAAAGATACATTAAATTTTTATTTTCTTGGTCTTAAAGATTTGTATTGAATAGTAATATTTTTGGAAGGGACAATTGTGTTGTGTGACTTACCAACCAGTCCAGTT
AthlncRNA271,TAGCAAGTGGTCACTTTGATGAATGCTGTTTGGATTGTGAAAAGAAACTTACGCGGTGGTTTCTTGACCACCACCTTGGGACCCTGTGCTGTAGAAGATTCCGGCTGGTTTACCGGCGAGTTGCTGAGTCCTCCAAAGGCCGCCGGTCGCATCTAAAAATGCCTTGAACTGAGCAGCCATCATACCAAACCTCGTTGGGAAGCCGAAGATAAATCCATCAGCCTCAGCGAGCTCGTTTGGGGTGATAATAGGAGCATCACTCTTTGGTGGTGCACTCATTTTAGAGAGCACATCTTCTTGGAGCGTTTCGGGTACCTGTCAAGAACAAACGCTAGCTCAATACTTCTTCCAATGATTCTTTACAGGGAGTAGAGAGTCAAACAAACATTCGTCTTAGCAAAATAAACTCAGT
AthlncRNA277,AAAACAAAGCAACAGTCAAATGCTATGTCCTAATTCTATGATGTACAATGCAAGTGAGACATAGCAAGAAGAGTCCAAGACCTGGCAGAGAATGGTTCCATCTGGTCTGATAGCGGCGTTGCCCCATGGAACGAGCTGGAGATCAATGGATGAGATTAAGCCGGTTTCGAAGATCTTAGGCAAGCGGTTGACGATGAATTCTGCACAGAAGGGGCATAGAGCTTCGTAGTATAAACTTAGTGTAACTTTCTGGCTTGAAGACAGAGATAAGAGGCAGAAGAAGATTGTGCAACTTGTGATGCAAAGCCTCTGATATGATGCCATTGGTGGAAACAAGAAGAAGAGGAAGATTGCAGAGAATTGTTTTTGACTCTTGCTTTATTCTTGTGTCTCATTAAACAAGGAAAGTAAGACATAAAACTGTTTCTTATTACTTTCAGTGATTCGTTGATGCTTTATTATTGTT
AthlncRNA282,ATACTCTTCCACCGCCGCCGCAACCTCCGAACCACCACCACCTCCAGCAACGTAGATCTTACCAGAAACAACCGCGATTGCGAATTTCTTCCGAGGGAAAATCATCGGAGATCTCAAATTAAGCGTTCCCATCCACGAATCGTATCTCAAAACAGCATTTCTACTAACAACATAAACCCTAGGTCCAATCGCCGCCGCGCGAGCATGAGATAAACTTCCATAACTACCGTCAACGCCAACAGACCTACTCGAAACCGCAAGAGACACTTTCCACGACGCAATCTCGGACTGAAACTGCAAATCCGCGGCGAAAAGTCCTGAATCGACGGTGGATATCGCGAAGAGAGAATGTCGGAGCAAACCTAAACGACGACGGAGATGGAGAAAGTAAGGAGAGTGGAGGAGACGAGACCAACGGCGACAAACGACGGCGAGAGAAGGAATTGAAGAGGAAGGGACTCTTGAGATACATTCGAGGAGTAAATCGTCAGGTAGAGAAGCGATTGTAGCTGAAGAATTCGCCGCCGTGGACGACGGTTGGTGGATCTGGACTAGTGATTTGGCGTCGGAGGGATTTGGTAAACAAGATTTCATGAGCCATGAGAAATGGCGAGAATTGCAGTTTTCTGACATCAGAATTATCTTCAGAGAACAAATTTAATTCTAAGATATGAAAATAAAATAAATTATTATATCTGTGGGAGTTACGGAGTTGAGAGGGAAGTGTGATTTAAGAAAGTAAAAAGACTATGCACTAAATAAATAAATAGTACA
AthlncRNA284,TAGGAGTGTGACTGAGATAATATGCATTCACTGGAAACCATGGTCTACTTTTCAAAGGTAATGTCTCTGTTCTTTCAATTTGAGACAGAACAAAAGGAAAGAAGTAGATATTAAGTTAAGTGTGGTAGCTTGAGAAATGGGAACAAATGGTTAGATTTGTAGGACTGGAAATCTTTATGCTAGAAAGAAATAGGGGTAGTATTGGACATAACTCTCAAAAGGAAAGGAGAAGGGACATTGTGTTTGATTCAAAGCTAAGACAAGGCTGCATTTGTGTCACTCAAAGGAGAATAGGAATTACCTCTGACAGAGTTTGAAAGAAAAACTCTACAAGTATCAGAATGTTTAAGATCGTTCCTGGAGTACATTCAGTCATTCAGATGAAAAGACGGAGAAACGGAGCTGTGGCGGGAATGTAACTAGTAAAGTACTTTCTTGAGGATTCGGCAGTGCTCAAGAAGTTTATGCTGCGTTTGGGTTGTGAGAGAATGAACAAAGAGTCTATCATTTTAATGGAACTATTGAGGTTAAGGAGATATACTATGCTTATTGTATAGTCATTGTTGAACTTGCTGAGACTGATAATGATACATAGGTGTTTCTACACTTAAATGTGCAATTTCCATTTAGGAAAGTTTAGTATTGGGATTTGATGTATATATTCTTACCAGAACCAGTTCTCCAACTTAGGAAATTTATTTGTAATAAT
AthlncRNA29,CCGATTGCTTCACGATGAGCTTTGTAGCCTCCGAGAGTAGCAATGATGACTTTGCTTGAGCTTCACCCTCCTGGGACATGACTTGACCCATGACCTCAAACACCTGCAACAAGAAACAGTCAATAGTCTGCTAATCATATCAATGTATGGGGTTGATTTCAGATGAGAGGTTGGGGGAACACACCTGTTGGTTGATGTAGCTGACCCAGAACCGGACCTGGGCCCTTTCATAAGGATCCTCTGGGAAGAAACGAGGAGAGTTTGTCCACGTCTCATCGATATATTCAAGAATCACAAGTGATTCAGCCACTGGTTTCCCATCATGGACAAGAACAGGAATCTTCTTGTGCACCGGGTTGAGTTGAATCAGCGATTCACTTTTGTTCTGAAGATCTTCTTCGAGGTACTCGTAGAGTACACCCTTGAGTTTAAGAGCGATTTCGACCCTCTTTGAGTATGTGCTTATCCACGTCCCATGTAATATCACTTTGCTCTTCTTCTCCTCCATATCTCAAAACTCGGTTGTTTATTTCTTACACCTTTTTCTTAAAATCTCTTTGGGGATTATGATTTTTGTGCTTCATTGTTCAAATTGTTTTATAGAGACTAAGGGGCATTGTCTTATTATTCGGTCAAAAGTCAAAACTTTGAATGTTCCAATTAATATTACAT
AthlncRNA293,TATTTTACTAAGAACTGAGAATCAGAACACTTTGGATTTTTGTTATCTTTCCCAGAATCAGACAAAACAAGAAAAACGATGCGTCGGTTTGCTGTAATTTACATTTTTGTCTTCTTAATTTCCATTTCTGGTAATGTAAAAGCGGCCAATGCACCCGCTCAATCGCCGAGACTCGCCGTGAAACATCATCCTCCGGCAAAATCTCATCATCTTGTTATTTCTCCGTTAAAGGCTCCGACAAAGTCTCCTCAAACGCCCACTTTACATCCGCCGGCAAAATCTCATCGTGTTATTTCTCCGTCGAAGTCTCCTTTAACTCCTACTTTACATCCTCCGGTGATCCAAAAATCTCCAGAGGCACCATCTTCGACGAAGCAAACATCGCCTTCAAAGTCTCCGGAGAAATCCTCTGTTTCCTCTCCGGCGGCCTTTGTGACTCCATCGATATCCCCTGTTCTTTCTCCGGCGACTTCCCCATCTTGGACCACTGCATCTCCATCGAAATCACCTGTTTTTACTCCGACGAATTCCCCTGTTTCCTCTCGAACCATTGCTTCTCCATTGAAATCCCCTGTTTCGTCTCCGGCGACTTCCCCTGTTACATCTCGTACCATTGCGTCTCCTCTGAAATCCCCTGTTTCATCTCCGGTGACTTCCCCTGTTTCCTCTCCGACTACATCCACGACTCCTGTCTCTACGCCTGCA
AthlncRNA296,TCTGTTCCTTGTGGCTCTTCATGCACTGTTGGTAACCTGGTCTTGTCTTGAACCTTCATTGCTGTTGTTTCCAGAATCTTGGAAGCGACATTATTTGTCTGAAGTGAGGTTGGTTTTGTTTTGGGGACTTCCGTTAATCCCAATCTCGGGGATGATGATACATCATGAGTGATGATTGTGGTCTTAGAAGAAGCTTTCTTGGACTCATGAACCTCTCTTGGTTGTGTTTCTTTGTTGGTTATATCAGTTCCCATTCTTCTTCTTCGGCTAACGTTCTCCTTCAACTGCATCACTATCTGTCTAGCATACTCTCGTGGACTCCGATTCTCTTTATCTTCGTGTATCTCTTTGACCCTCGTGAGCCTGACATTGTTAATACCAGATTCTCTTTCAGGAAACACGTTGATGTTGTTGTCTCTGAGATGAAGTGAAGAACGTTGGTGTTCGTAACAGTTGACATCAACGGATCTCCTTCCAAGTGAAATCCTCGGTGTCTCGGGAAGAGAACGTGTGCCTCCGTCGACAGAGTTTCTTTGGAGAGAATAATGTCTGTGTTTCTTTGCGTGAGAAGATCTTGTTGGTGTCTTGAGATCAATTAAGGTAGAAGAAGATGACGAAGATGGAGTAGGAGATGATCTGTAATTATCAGGAACAAGATCAAGACCCATGAGTCTAGCAACCAAAGTAGGTGTCTTTATGCTCGGAGAGTAAGTTTCAGTGGGTGTAAGAGATGCTGATGATGATCTTGCTTGTGGTTTGGTCTTGATTTTAATACCCATCTGGAAAAAACCATGATTAGGGTCAAAAGGAAGAAAC
AthlncRNA299,GTCATTAGTTAATAACAAGATCGTCTAGTTGGCTAGTTGCTGTCTCTCCAAACGGCAATTTTATTAAATTAATCACAATTTAACCGATGCAATTATCGGGTTAAGCAATTGCCGGAAAAACTCGACCGGACCGGATACTAACAAGGAAAGAGAAGATTACGGGACGACGCGGCTAAACTTTCTACATTCCTTCGGAGATCTCTGTTCTTGTCCTTGGCAGAAGAATAACGTCGCCGGACACCATGAGAAGCAGTTTCCGGCGAGCTGCACGTTCGCTGATCCAGGCTTTAACGCCATCAAAGGACCCGGTACGACTCCGAATAAGAAATTTCCGCCTAGTAAAAGTCTCTGAAACCCGGCGAATTCGGATCCGGGCGATACGGTTTTCCAGACGTACTGGGTCGGAATCATACCAAAGAACTTGTTGTTCTCTAACGACAATGCTGAGAGCTTTGGTGATAGACCCATGAACAGAGGTAACGCACCGAGGATCTGATTGTTGCTGAGATCTACGGATATGAGCTCGCTGGGGAGACCCAAGGGAGAATAGTAGGGTGACTCTAAAGAGGTGAAGCCATTGAAGGAGAGTGTTAGCTGCTGTAGAGACTGATGAGTGAAGATAAACGATGGGATTGAGCCACTGAGTTTGTTGTGGCTAAGATCGATTACTTCGAGAGAATTTAGAAGTTTGAAGCTTTCAGGGATCGTTCCTTGGAAGAGGTTGTTTCGCATTGAGATTTGGACTATAGATTCGGGTAAAAATGATGGGATCCGACCGGAGATGCGGTTATCGCTCGCGTCGAGGTAATACAGGTTTT
AthlncRNA300,TCAGGGTCTGGAATATGGATTGGATAATCAATCTCGTCAAAGAACCAACCTTTAAGGTGAAGACGACGTTGGAAAGTTTGGGATCCTGAAGAATCTTTCGAGCAAATCTCTGACCATGCATTGATGAACTTCCAGATTGAAGTGGCATCAGCCACGGTAGAGTTGTAACCAAAACCGATGAAAACCCCGTCCTTCATCTCTGTCACTTGAACCATAAGTAGAGATCTTGAGACACCGTGGTAGTTCTTGATCCCCGTTGCAGGGAAAAAGGAAGCGAAAAACCCGGGGACAGAACCGGATAACTCAAGGACATCACTGAGCTCGATGTTTTTAGCCACTGCGTGAACAAACTCCACACCTGAACCATCGCAGCTGATGAAAAACGAGACAGTATCGTCGTCGTTCTTTAGCTTCACAAGACGACCAGCTAAAGGATAGAAACGATCAAGTGCAACAGAGAGTGAAGCTTGTAATTGTTTGACTTCAATTTTGTGAAAGAGAAGACCTCTTTGAAGATAACCAAAACGAAGGCGAGAGAGATCCCATGGAGTCAGCTGAATCTTCTTCACAGAAGTCGGTTTCTTAAGGCTTCTGGGATTAACTATGCTCTTCGAGATTACCACCAATTCTTCTTCCATCGTTTTACCTTTTTCTT
AthlncRNA301,TTTCAGCTTCTTCAGTCACCTCTAAAACTATCTCACTCACGCTAGACTCCCTAGCCTCCTCCTCGATTTTATCGACGGAGGCAGCTTCATTGATGGGAAGGTTTCTTTCGTCGTCACGAAGTCTGACGTCACAAGACCGACGCTGTGGCTCAAACCCACCGGAAAATCCTTCGTTGTTCTTTGCGGAAAAGGACTTTGTACGTCGGAGCTCCGGGAAGAAACCGGGTCTGACCCGACCGTTTCCGTTGGAGTTGTTGGTACCACTAGAGGAGGGCTTGAAGAGAGCTTTTAACGAAACAGCGGAGATAGAGGGAGGTTTCCGGGAAGAAGAAGACGGTGGCGGAGCGGCGTTGTGATCTAAGACGGAGAGGCGGTCGCAAAGACAAGAAGGACAGAAACCGGAGAAACGCTCTTCTGGGTGGAGATCACATGATGTAGATAAGCGATGCGGTTGAGAAGGCGGAGCTAGTTCGTCGACGGCGGTGACGGGAGCTTGGTCGGCGGAGAGATTCATAAGAGGAAAGGATGAGTGATAAGACTTCTTTCTCTTCGTCTCATATCATCAGTGTCTTGTCTGCTTAATTGCTTAGAGGGGAGAGAGATGGGAAGAGATGTTATGTCTGAAACTTTCGTCTTTTACCAACGGACATTGAAAGAGAAAGGAGATGAAGAGAAATAACAAACAGTTATTTATTATTTAAAGAAATTTAAAATATTTAATGAAATATTTTGCAGGTGTCAGATTAAATCTGCGCTATTTTTTGTTTTTAA
AthlncRNA302,TAATCATCTTCCAGAATCTCAGAAGAATTGAAAACAGATCCGTAGCTCAACAAATTCATGGAGAAATCTTTGATTGATTCGAGATCCGGTGACGGAGTTTGGAGACTTCGTCGGACTATAGACGGAAGATGCTCTTCTTTGAAAATCGGAGCGCGAGGAAGATCAAGGAGATGAATCGGATCCGTTGATTTGATTAGATCGATGTTCTCGAAGCAAAATTGAAGAACGGAAACTAAGAAGAAGCTGATGGAGAAGAAAGCGAATCTGGGGATACCGATTTGATTGCAGAGATCGTGAGTCCATCCGAGGAAGAAATCGGAGATGAGAGCGATAGGCGGATTCGGATGAGATTGGAACCAGTTGATGATTGGTTCTCGTAGCTGACGAAGAGAAGCCATGATCGGGAGATTTCCTGAATTTCCGACGTCTTTAACGTTTTCGACGCCGGGAGAGAGTGAAGGATGAGGAGGGAAAGGGAAAACGACGGAGGTGACGGAGGAGGGATGAGCGGAGAGAAGAGGAGAGAGGTAAGTAAGGTTACCGGGAGTAACGATGACGGAGACGTTGAATCCACGGAGGCAGAGTTGGTGAGTTAAGTCAAGTAGAGGAAGTAAGTGGCCTTGTGCTGGGAATGGAAACACCACTATGTGCGGTGGTTTTGAATTCTCCGATTTAGTTCCCGGCAACAATAACACTTCCGTCATTTTGCGGTGGCGTTGCAGTTGTTATTTGTGTGTGGTGGTAGAAAATTTGGTATTTGCTACATCAAATTTTCATAATATATAATCAAAAATATGGATTAAGACAGATTAAAGTTGTATACCCCATCATTCATAAAAATGTATGCATTGGTTTGACTCATAGTCTAAGATAAAT
AthlncRNA306,TCACCGGTGAAGTATCCGATCCGGCGTTGAACATTAACACTACAATTCCTTTGATAACATCATCAGAGTAAAATTCAGGTTCTGATTCTTGAAGCTTCAAGAATTTCTCCACTACTGAACCAGTGGAATCAAACTTCTTCATTCGAATATCATCAATGAGTCGCTGAAGATACTCATCTCTCATCCTCTGTATCTCAATCACTCTGTTCTCAAGACCTTTGTACCCAATCCATCTCAACACTGGGAAATAGTCACAGACATTCATCGACGATAGGCTCGAGAAAAACCTTGATTTGAATTCATCTAAGAACTTCGTCTCTGATTCTGAATCACTCTCATTGACCCCGCGATTTCCAGATACTAATCTAAGCATGACGTGAGCGGTGAGAAGAGTGAATTGATACCTGAGATCCACTTTACAAGAATTACCACCGGAGAATCTGAAGAGACTCGAACAGAGATTGGAGACTTCTTCAGTTCGTATGGAAGAGTTCTTCTGTAAGCTGACGGAGGAGAAGACTTCGAGAGTGGAGAGACGACGGAGAGTCCGCCAGAGATCGCCATAAGGAGCAAATCCAAAGTTTTTGTAGCCGTAGCTGAAGTGATCGGAGGTAATGGTCTTGGGACGATTCGCAAGGGCTATGTCGTGATTGGTGAAGCATTCTTCGATGGAATCTGGAGAAGAGAGGATCAAAACTTCACGGCATCCGAATTTGAGGAACAGAACCGGGCCGTAGTTTGAAGAGAGATGATGTAGAGCTTGTGGTAAAGGATACTTATTGATGAGATGAAGATGACCGATGATCGGAAGTGGAGTAGGACTTGGAGGTAGTTTAGGGTTTTGACTCCATAGGAACTTGGTGATGAAGAAGGTCAAAGTAGCTGTGAGCAAGAAGATGACCCAGAGATTTTCCATTTTCCTTTTTGAGTCAATCTCGTAAACTATCAGAAGAAGAAAAA
AthlncRNA309,CATCTATTGCTGGGTCCTCAAATGACATGCCAAATGTCGGCGTTGCTGGTTGTTCATCAAGAAGTGTTTCTCCACCAAGGGTTCCAATGGCAAGAAATCCATCAAAAAAATCACTGTTTCTCTCATCCTTGAAGTCTTCCTCTGTGTATTGCTTGGGTCCTGCGAAGGAGCTTTCCTGGAACAGGTTGACCTGTTTTCTGAATCCAGTATTGTATCTGGAGCCAGCACATGCTGTTGGGTAAACCTCTTGGCTATCAAGGGATGGATGAGCTGAAAGAATGGAATAGCTGTTGCCTGAAATGGTCATGTGAAGAGAAGAGTTCTTTATTTCTTTGAATAAGTAAGAACGGCCAGTGAGATTTGGAAAAAGATGCATTTGCACAAGAACTAGGGAAAATGTCTGAGTTATTGTAACATGCACGTAGAGGCATGGCATTTACTAGATAATACTCGCTAGGGAGAGCTGGTT
AthlncRNA311,GACACCAATTTTCTTTTCTTTCAGTTTAATTTTCTTATTTGTTTGGTTGTCGGATCAGATTAAAAGATACCACGAACTCTCCTAAAAAAACCGGAGTATACTTTTCAACTGCAATAGCAGGAGCAGATTGATGATTGTGAAGCATGAACCCGAGTATTGGAAATATGTAGAGGAAGGATAAACCTGAGAGAGACACTACTTTGCCAACCGAGATATGCCAGAAACTTGAAGACCATTTGAGCTAGTGAGATCAATTAGAGGACCAGATTCATCCAATCATTGATAAGTGCCAGTACCAACCTGATAAACGAGA
AthlncRNA313,TGACAAAACTGAACTAAACCGGTTACATATTGAAATTCTAATATCTGATCATAGAACACAATTGAAGACGCCGTCCAATGTGAGCAGATTCTCGTCGGAACAGGACATCCAATGAACCTGGGCGACGTGAGCTGAATGATGATGATTTTCCAAGATCCGCTGTCATCCCACCACTATATAGCCGTTTTGAGAAGGAAGAAGATATATGATATTGTCATTGTCGAGGAGATACTTGTTCGATCGTGAGAGAGAGAAATACTAAGGAGTAAAAAATAGACCTTCGATGGTGGCTCAGCTCGCCGAACCGGAGTCTACCTCCCCTATCGACAAAGATTCCATGAAATCTTATGAATCTTCGGTCCCTTGATCAAATTCTTGTCTCTGTTATTTTCATCTTAGATCTCCGTCTTCTACTATGTATTACTACACTGCCGGTAGAACTCTTATCGTCGGTGTGAGACTAAAGCTTCTTTTCTCCACTAATACAACATATTACAGTTGAAGAACTATGAGTCTTTAAATCCTCATCATCATCCAAATCGACGGAAACCCCGACCGAAGAAACAAAGAGTTATAATCAGAAAATAAATAAAATTTGAGAGTATGACCGTGAATAAAATTTACGCACTGCAACTTTTTCTCGACTTAATTATTTTATTATCTATTT
AthlncRNA314,TCAAACAACGCGCTATAATAATGCAAAGCCTCCACGAATCTTCCTAAAAAGCTTCCTCCATCGTCGTAGCTCAATTCTTGCTCCACCACCGTGATCAGATTCGGTTTCAGCCTCCGTAGAATCTCCAACGTCTCGAGATTGTTCCCTGTAACATCATATAACCGGTGCTGCATCCAATGAACCACCACAGCTTCTCCTTGTCTCGTTGCGAGTTGGCTCGGATCGATTAGGTTTCCGATTATGCCTTCAATTGGATGAAATTCGAAAGGGAGGTTTAACGATGATGCGAAATCGGCGAGTCTCCGGCCAGTTGAAGCGAGTAGATCGGAGGAGGAACCAAATCCGGTGATTCGAATTGATCGGAGTTTTCGAGGACGTGAAGCGAGGATGTGAAATAGAGCCGGCCATTGAAGACCTTGCATAACATCGAGATCGATGATATGAACGGAATCTTCTCCGTCAAGCGCCTGAAAAATGGCTTGATTCGCCGTGAAATGTGAGAATTTGATCAGAGGACTAACGGAGTTATAAGTCTGCAAGGCGGAGAAGATTTTCTGAGACTGAACAACAGTGAGTGGTTTCTCGGAGAGGGGAGAACACGCGCCGGAGAGGTAAGAGCTGATCACGCGCGTTTGTAGCGCTTGAGCGAAGTAAGCGACGACTCGCTCCGGCGAGGAACCGAACGGAGAACATATCTCGGAGATTTCGGATAAAAGTGTTGAAGCTTCACGGAGATGATCAGTAGCTACGTATTCGGCGCATTGGAGGAGTAAGCTAAGGAGTTTGATTGCGGCAGCACCGTCGTTTTCGAGTGTTTCTTCGGGGAATTCGATACGGCGTTTAGCGGAGGAAGGATCGTCGGAAGATGGGAGATCTCTGTCTATGCGTTTTGTAGTCATGGAGATTTTGTGAGAGTGGAATCATTGAAGAGAGAAGAAGAAGAAGCAGAAGATAGAAAAAAAAGTGGAGATTCGAAAAGAGAAAGGGTTCGAGAGAGTAATGACAGGAATTTTGAAGAGTGAAGACAAGATAGTATTTTGGATGGATCAGTTTCTTGAAAAGATTTTTATCTTTTTTGCAAAAGA
AthlncRNA315,GTCAAGTTTTTCTAATTAAAACTAAAATTGTTATAAAAGAAAACTAATCTTAAAAAATTGGTTTGCACGGTGGTTAGCTGCAGATCCATAGGGTCTTAGAGGGCGGTTGAGGAGTTCGGGTTTAAAGGCAATGGATTTGAGCCACCATCCTTTAGATCTGCCTCAATTTAGCATCCATCGAGCCGGATTGAATCGTCGAAACTCAGGTTTTTTGGCTACTTTCGGTTTGGAAGAGAAGGGTTACCGCCCAGTGGATTGGGTTGCTTTTTCAGGATCCGATTTCGTCGATGTGCCTAGTCGGAGCAACTAGCTTTCCGGGAGATCTGTTGTGGGTTGGTGCATCGGAGGGATGGTTTTGATGATGAAAACCGGTCTCTTTCGTTGGAGATTCCCGATCTTCGTTGGTGACCACGAAACGGTAGCTCTTGAGCCCGCCGGATTTAAGGCTCCGGTCCTCTGCTGGCATCTATCAACGAGCAGAGAGCTTTTCTTTTTTTCCGGCAATGTTGTCGATTAACCACTTTTGTAACTGGACTGTTTTTTGTTGTAGGCTTTGGCCCAAGCCCATTTGAGAAGAATTATATTATAATCTTAAGAAAAAAAAAAAA
AthlncRNA316,GTTTTTTAGAAAAGTTAAGCTTTTGATTTTGTTTGGTATTTGGCCAGAGAGAGAGTTATGAGATAAGTTTAAGGACTTGAGGTTTTTGAGACGAGTAATGGAAATGCGTATTGAGCCTTTGAGTGAGTTGTTTGATAAATCTATGTATCTGAGATTTGAGTGGAAAGATTTAGGGATAAGGCCAGTGAGATTTGAGTTTGAGATAGTGAGGGAAGTGAGTTTATGCATGTTTCCGAGGATGACATAAAGACGACGAGAGGTTTGGATTGGGGTTGAGGAAATGTAGAGGGTTTTGAGGTTTTTGAGACGAGCGAGGAAGAGGCCGGAGAGTTTGGTACGGTTGTTTTGGAGGAAGGAGGAGACGGCGGAGAAGGAGTGGAGGGAGATTGGGAGGTGGTATGGAGGAGAGAGTGAAGGGCAGTTAGTGAAAGAGAGGGAGATGAGAGATTTTGAGAGTGGTTTGAGTGTTTTGGAGGGGAGAGATAGAGTGGAGGAGCAGTTTGTGAAGGAGATTGAGGTGATGTGGCGGTAAGGAGAAGCGTCGTCGCAAGTTATGGACGAGGAGGAGGATTGGTTGTTGTTGTTGTTGCAGGGATCATTAGTTGGTGTAGAGATGTTGAGTGATTGGAGAGCTTTGAGCTGTTTTGGGTTTAGTGGATAGGAGGAGACGGTGGTTAAGAGAAGTGGGAGGAGGAGGAGGAGGAGCAATGGCGGTTGTGGTTGCTGCGGTTTCATAGTGGACAGAAGAGGAATGTTGGAAAGATTGGAATTTGAAAGAAGGGTCTTGTGAGTTTGTCACAGTTTAGAGACTTCTTTAC
AthlncRNA319,TTTGGAGGGTCTGACATTTGGAGCCTTTCAAGCGTCTGTTGGAGTTTTAGCACTAATGGCTTGTTCCCTAGTGATGTATGGCTAATAGCGTTAATAGATGTAGGAAAACGAATTTGTAACGAGTCTTTTCATGTAGGAACCTGGGAAAATACTGTAGGCAATGGTAGATACTTAGATTAGGATTGTTTTTCCATGTAGAATTCTTGGAAACATCGTCTGTTTATTTTATCACAAACCATACAGGCTTTGCGTTATAA
AthlncRNA32,ATTCGATAGCACTTTCCTCTCTTTCTCTCATCGTAAAACCGTTCTTTGTTTTCTCTATTTCTCTCGTCTCTTTCTTCTACCCAGATCACTGATTGATTAGTCGTGAATTTTACTCTACTCTTTCATCAATTTTACTGTGTTTAATTCATAAAACAAAACAAACGATCGATTTTTGTTTTTTTTTGGGGATGAAGATCAGAAGCAAAAGCAAAGGCTATCGTCAAGAGATCAAATCAACTTGCACCGACTCCAACACTCTGTTCTCAAAAGATGTGGTTGCAACTTCGGAGCTTTTTTCATCTGTGATATCGTAGCGTGTGAAAGACGGATAATTCTACAGAGACAATGCATCATCCCATTCGGCTAGGTCAATTTTCATCTCTATCTTGTTTATAATCTATAATCTTATAGATAGTTTAATTACAAAAAAGGTTTTTATACTATTTTTGATTTTTCAAAACAAAATATATTTCTCAAAAAAATTATTTTTAATGGTTTTCAACTCTCTCTTTTTTTTTCTTCTATAATACTAAATTAATATGACGTTGTGAAATCTAACCGGATTTTGGATCCCGCCAGTTAACCGTGGTCATTAGCGATTCCACAAATCCAACATGTTTTTCACATCTTCATATATATTTAGCATTTATTTTTCTTAAAAAGTTTTCAATTCTTTTTTTTTTTGTTTTAAAATTTTATAAATACTAAATTAATATGACGTTGTGAAATCTAACCGGATTTTGGATCCCGCCATTTAACCTTGGTCATTAGCGATTCCACAAATCCAACATGTTTTTCACATCTTCATATATATTTAGCATTTATTTATTTTTTAAAAAATTCAACTCTTTTTTTAAAAGGTTATATAAATATTAAATTAATATGATGTTGTGAAATCTAACCGGATTTTGGATCCCGCCATTGAACCGTGGTTATTAGCGATTCCACAAATCCAACATGTTTTCACATTTTCATGTATATTTAGCATTTTTTTTTTTTTTTT
AthlncRNA320,CAAAAAAACAAGTACTTTATTTCATTTCATTAATAGTAGAACATGGTTCATCTATATAATAGATAAGGTGACTGAAAAATCACTGCAAAGTTGATATTTATGCGAATCAGAACAGCAAAAGACATATTTATAGCTTAGAGACTTCAGGGCAAGACAAAGTCTGTGGGAGACTGGGCCTGACTTCAGCTCAGTTCTTCATGCTGCGTGTTACAGAAGGAACAACAAAACAAACAAACAGGAAGGACTGTTTACACCACAATTGGCAAGAAGAGGCCTGACTCTAGATGGGTCTATCCCGACAGTGGGGAGATAAGGCTTGTACGGGCAGAGGCATTGTAGATTAGCAACTCTGGCCACTGCGCAGCAGTCCGGTCCCGGTGGTGGAGGGTTGTTTCCAGTGACGGCTGGACGGCATTTCGCCAAGTCGTTTGTGTCAATGT
AthlncRNA321,ATGTCTTTATCTCTCTAACTTGGTAATGAATCTCATAATGGTGTTTCTCTGACAGATGATATTGAAGTGAGTGGGACTGAGAGGAGATGAGTCAGAACATGAATGCAACAGTTGATGCAGTTCAATGAGATTGAGATTTGACCAACAACACCAAGCCAGTTTCAGAGAGTCTCTGCAACAATGGAGAGGTCACGGACACAAGGCAAAAAAAGACGTGTCACTTCCCCTGCATATCTTTTCATTACCAAGCCTGTCTCTCTCGTCTATCTTTCTCTCTGTGTTTCTTTTTGAGGAAGAGCAGAAGATTGTGATAATGAAGAGGGAGAAGAATCTGGAGTTGTGAGTTGGATCTGAAAGTGCTTATGGACATTAATTTGTTTTTAAAATAGTGATTAAAGAAATGGTTAAGAGAGAAGCAGCCTGGAGA
AthlncRNA324,TCAGTTTATATTCTTACAAATGTCGAACACACTCTGTTTTTGTTCTTTTAGTTCTGTTCTCTTCTGTTCTGCTACTTGAGTTCTCGTTCTCACTCGAACTTAATGCTCATTAGCCGAGGGAGAAACGAATTTTTGAAGGCATATAAAGAGTGGTAGTGAAGGAAACAGAGCATATTGGGCTGTGTCCAGAGTTTTCCATCTTCTGCTTGGCCAGCCTTTGAAGTTAACCAGACTCTGTGTATATAAACTATTGTAACATGTTTTTTTTGTTTTTTGATGACATGGATCATGTATAGATCATAGATGTGTGTATAGGGGTGTGGATGAAATAGCGGGGACGTGTGTAACATGTGTGTAGATGTATGTGTAGGGTGAATGTGTGTAGATGTATGTGTAGGGTGAATGTGTGTATGTCTAGTCTGCGTAGATGGGCGTGTGTCGAAACAAAATGATCACACACAAATGAC
AthlncRNA327,CTCCACCTTCAAATCTCTAAACACGCCAGATTCTGAGAACTATAATTTACACGGGGGAAGCCGCTGAGGAGGCAGAGGGTGCTACAGAGGGGATCGCGGGAACACCGATGAATGAGAGGAATCCGGAGGCGGCATGATCTTGTTCGTCGAGGAAGAGATCATCGGGAGCTCTAAAGGCGCCATGGACACAGATTGTTGCTATTCCGATCATGAGAGCGGATATCAATACAGATCCGACGCTTGTGAAGAAGATCACTGCGATCGTGGAGAGGATTAGGCCACCGAGAGTTTCGTATTCGGAGAAAGATCGGCCGAAGAGGATAAGAGGACGATCTGATGGACGGAAGAGGTAGAGGAAGAGCCAGGAAGCGGCGAGACATAGGAGGAGGATGAGAGAGAATGGGTGGGCGAGAAGAGAGAAACCAAGGATCAGAGCGACAATGCAAACGTAATTCACCCTGAAATAAGAGGAATTTTTCCGGAATCGCGTCCCGGCCTCGGAGAGAGAGTCAGGCTTTGTGAAAGCGGATCGATCGAGGAGCTCTGACCACGGACGGCTACGAGATAGACCACCACAGACCGTCTCGGTCACACCGTTGACAAATGCACGGACGACTGGAGGTTGCGATTCCACCACAGCGGTTACAATCGGAGGCTGATTGGTGGTGTCTGTTGCGGTGGTGGAAATTGGAAGAACAGGGGGATTTGTTGACACCATTCGATTTTGTTCTTTTGGGATTTTGAGATTGGAAAATTTTAGGAGACGAATGATTTAGAGGTTGCTGAAGTTGCGGTAGTGTTAT
AthlncRNA328,TCTTGTGACAGAATATTGATGATGTATTCAATCTCATCAGCAACCTCTTTCATCGAAGGTCGGTTTTGTCTCCGTTCGTTAAGGCACGCAGATGCTAAATTCCCGAGCTGCTGTATCGTCTGCATGTCAATCTTGTTAGCTGTCTTCTTCAGCAGTGGATCGATGCATTCAGTCAATCTCTCTTGATCCATCATCTTGTTAATATACATCACCAGGTTCACATCTTCCTCTTCTCTAGTGAAATCTATCGCCTTCTTCGATGTAACCATCTCCAGAAGCACAACCCCGAAGCTGTACACATCGCTCTTATCAGTTAGCTGGAAATTCCGGTAGTATTCTGGATCGAGGTATCCCAATGTACCTTGCGCACCCGTGAAGATATGGCTCTCGTTATTAGCGGTTTCTGTCAAATCCACAAGTCTTGACAGCCCAAAGTCTGAAACCTTGGCGTTTAGCTTCTCGTCAAGCAAAATATTGCTTGACTTTACGTCGCGGTGGTAAATGGGTGGCTGTGCTGCGGAGTGGAGATAAGCTAATCCTTCAGCGGTTTGGTATGCAATCTGCAGTCTGCGCCGCCAAGTCAGCGGTTTCCAAGTACGGTCTGAACTGCCATGGAGATGTTCGAACAGCGTTCCGTTGGGAATAAACTCGTAGATCAAGAGAGGCAATTCAAGATCAACACAGCAACCGAGAAGCCTAACTAAGCTTCTATGATTGACTTGGCAGAGAATCCGGACTTCGTTTAGGATCTGATCAGTGCCTTTGGTGTTGTTAAGCTTTGCTCGTTTGATCGCGGTTATGGTTCCATCCTCAAGAACAGCTTTAAACACTTCTCCAAAACCTCCAGTGCCTATGAGATTGTCTTTTGAGAAATTGTTGGTTGCTTTCGTGATTTCTCTGCCAGTGAAGATTCTTGATGATTTTCCAGTGGAATTTGCGCTAAGCATCTCTTCTCGCTCCTTAACAATGTTCTTGTGGATATCCTTTTTAACCTTTTGGTGGCTATGTTTGGTTCCAATTACTGCTACCGCAATCGCTAGCGTAACTCCCACAACCGCAACAGCCGCACCTTCAAGAGCAAAGAAGTTAAAATGGAGTACAATCATATGGGCATTTGAATATATTTTTGGTTTTTCGGTTCATCCTCTGTACCTGCGAAAACAACGGTCTTCTTCTTCTTTTTGCAGTGTTTCCCATGGCGACATTTACCACCTAATACATGAGCATCGTTTCAGGCCGAGACTCGTTGGATCAGGCAAGCATTTTGATTTACCCAACAAGAGGTTACAATCTACATCAGTTTTGCAAACTGGTTCTTTAGGCAATGCCCATTGCAACTCGAGCCCCGTGTCAGGCCATTTTTTCCCGGGAGGAGGAACCTCTTTGTTTGGATTCAGCCCCACGAAGCTTTGGTACGCGAGGCATCCCCCACCGTTGATCCTGATCGTGTAAGCGGTTTGAGACCCGTCGGTTCTGAAGGTGCAACACAAGGGAGCCTTAGAACAAGGTGATGCATTGTTCTTGATGTAGCTGTAACATAAGCTGGTAGGACTACAATCTATTGGCGCCTGCAGACCCCAAAATCTCTTGCATAGCCTGAGAGCAATTAAGGAGCAAGATAGTGTTGCTACTAGTGATGCTGAAAGGGAGATGGGGGTCGAGCTCGAGGCCCTGTTTAGAGACATCAGCTGAGATACAGGATACTGAGCTAGCAAGACCAGGCGGGCGTAGAACGATCCGCTGGGTCACTGAGTTGATGGACGTAATGACATAAGATGACCCATGGAGGGCACCGAAATAAAGCTTACC
AthlncRNA332,ACCAATCTCTCTCTCGAGCATCTGAACTCTCGCCGCCTCTCTGCGTTTCCCGTACAAATCTGGATACTCTGGTGGAGACTTAGGACGAGGCGGTGGTAGAGACGACGGAGCAAGAGACGATGAACTCACTCCACCAGCAGCTGATTCTTTTCCTCCTCCTTCGCCACCGCCAGAAGGAGCAGACATTTTCGGAGAGAAATGGTTTGGAGTGTCTCAAGAGAGAAACATGCAGTGGTGTTATTACTTAGGAGAGAAGTGAACCAGAAGAAGAGAAGAGGAAGCGGCGAGTGAGTGAGAAAAACAATGCAAAGAAGAAAGAAAAAGAGAAAGAGAGAGAGATGAGTGTGTAGTAGTAGAGAGGAAGAGAGAGAGGTGGGTGGCAGAGGAAGTAATTATAGCATCTGACAAGGATTATTACTTACCTTCC
AthlncRNA335,TTGCTGGTTCTATAAAGTTTCTTAATCACAGGAAAAGTTCAAAGGACAATACTTGAATACTTGGGTAATTCAGAACATGGTTCTATGATCTCATTGTGGTTTGTTCGTTGGATTTTGTAGTTAGCAGTGGACAAAAAAAATGAATCTTTGACTCCCAAGCATCACGGCATTGAGGTTAACTGCATTAACCAGTCAGGTCGAATATTTGTTATCCATTGACCATTTGTTTGATTATGGGTCAATGGAGTTTCAATGACTCTTCAGCTTCAATTGTTGCTTATAACTTACATTAGTTTTCTAATAGTATTATCTTTTGATCTGTTTCCTTATCACTCTTATGACTTATCTTATGCTCTTACTTTTCCATTTCGAACTCAAGCTTCTCATGTTTATTGAACGTTTTTGTTGGTGATTACTGTGTACATATGTAGGGAATCTGAGAACCTCTTGAATTTAAGTACATTTCTCATGGGTTGAAATCAAAGAATACATGAAGGGAGCGAAACAAGAAAACACTAATACAAAGGGAAAACATGAACAAGGCCTTGAAATCAAAGAGCAGAACAATAAAGCTCAAAACCATATCAGTCTAAAACCAACAAAG
AthlncRNA340,TGATGGAAAGAAACAGAGTTTTACGTTTAGAAGGATCTCTGATTTCAGCACCGTGAACATGGCCGCCGGTATAATGCTCCACCACTTCTACTCCTTTCTTCTTCATCAGCTTTGCCACATCTTTCTGCAGATCTATCATCGGATCATCCTCTCCTCCAATCATCATCACTTTCCATCTCAACCGTCCGATTTTTTCCAACTTCTCCGATCCATCTCCAACCGTCGGATTCGAATACTCATGATCTCGGTCAACGCCGACGGGAAGAGACAGATCCCACATTACATCGGTGACTATGGGAGGACAAACCTGATCGTTCATAAGTCTAATCTCAGATTCACTTCGCTCTTCTCCGCCGAAGAATGGATGGTGTAGAATCAATCCACGGATCTGTAACGGACTCAGATCGGAGACGGAATCGACGGATCTTAGTCCGACGTTGTAAGCCAAATTCCCTCCGGCGCTAGTTCCCATAAGAAACACATTTGAGAAATCGGCGTGAGATTTGATCCACTCATCGTCGGAGGTTTTAATCCAATCCAACGCCTCAACTCCGTCGTCATACGCCGCCGGTAATCGATGCTCTGGAGCTAATCGGTACGAAGGAGATACGACGATGGCGTTGAGATCACGAGCCACCTCGGAGCAGAAATCGTGGAAGAGTTGCATATCGACGCTGCAGAGGATGAATCCTCCGCCATGGTAATACACAACAATGGGGAGTTTCTGAGACGAAACGTTACCCTCGTTGACGGCGGAGGAGGGAAGGTAGAGACGGAGCCACGTTGACTTTAATTGGTTAACGGGAAGATCTTTTGAAACGGCGGGGTTTAGTGGGGAAGGATCAGGTGTAGCTGCGGTGCAGGGGAAGTTGCTGAGGTCGCGAGTGATTGAACCATCTGGATTATTTACGATGTTAAGATAAGCATAAGGATCAGCGATTGGACTTGGTTCGGACATTTTTTTGGTTTTTGGTCTTTTTGGATTCTAATGTGTGCATCAGAACTCGAATATGCTACGCTTTATATAAATCCAAAACCAGCGAGGAAAATTATTTTTAAAGTAAG
AthlncRNA341,GAACATTTGTTCTTTCTGTAGCAAAACTACACTACAAACTTTATCAGAGATTCTATACACATTTGATATACCATACTCGCTATCAGTAATCAAATCAATAGTAATGCAAAATTAAGATTCATGCGTAAAAATAGTGCAAAAGCGAAAAAAACTATGAAATTTGAGTCTATAGAAGAGGGTCTTGCGAGGTTGAATAATATTCGTATATATTTGTACATTACGTTTGTTCGTTATCATCCAAAGATGAAGAAGATCTTCCTTGGAGTTAACTTCCTCAGAATCAGATGTGGAGCTTTTGTACTATAAACATCAAACCCCCAGCCATTCATTCCACTTTTTTTTTACAAATTACAAGTATGTAAAAGATATTTTTCTTATAATTTTTTGTTGACTAATTTTTTATATATATAATTTCGCTAGTGTAAAGGTACTTTGAAATATGAATTTCCTCGATGTCGAAAGTTATGTTTGATCGTTGAATTTGATGCGAAAAAGACGAGGAAGAATGATTTGAGGGATAAGTAACAAAAGTCAGA
AthlncRNA342,AGCCGAAAGTTTACGCCGTCAGAAAGAAGAAGCTATCCAGTTTAATTCGGTTTGGTTCGTAGGCAGGCTGATTGATTCTTTTAGGGAACAGACATCGAGACTGCGGAACCTAACTGAGTTTTGAGAACGAGTCGCGGCCGAGGCTGAGTCAACTCGGTCAACTAATGGTTTCACCATTAGAGAGGCAATTAGTTGGGAGCAAAAGACTTTGATCAAAGCTATTATGTGCAAGGTCCTCCAAATTGGTTTGGAAAAAACGTTGGAGAGTACTGAGTAGATGAACATGCGTCACATAAAAACGGTTAGGATCGTTTTGAGTATCTCTGGAGGAGATGTTTTTAAGAAGAATTTTCTAGTCTTCGACACATCAAATAAAGAAGTAAGTGGATGCTCTTAGTTCTGTGTTTTCAACATATATTTTCGGGTGTTTTAAGTATGTGTATCTGGAATTTTGATAAAGAGTTTTTAAAACA
AthlncRNA345,CGTTAGAATCTGCCACGGAGAGCTTCTCGATGAGAAACGAAACCATCATCTTCGTAAACTCCACCGCCTCCTTGCACGGCGCAGGTTCTCCGCCGCCGTCACCGTATAATTCGAACGGTATCTTCTGATCGCGGCACCACAAAACGATGAGGTTCTTCAAGGCACGGTTAGGTACGAGGCTGGTGTGTTTGAGGACTTGACCTGTTTTCGGACACGTGTTATGCCCCGATTGGATCCAAAGATCGATGGACTCTCTATCGTATGTTTGACCGGTGGCAACCACCACCGGATCCCGCATCAGCTCGAGGGTGATCGGACACCGGAAATCCGCGGGGATGTTAGCGTCAGATAAGGATTGGTGGCGGCGGAAATCTGGAGCCGGCGTGGAGGGACCGTATAAGACGCACTTAGAGTAACGGACGAGTCCGATAAGAGAGGCGGCTGCGGATTTGGATCTGTCGTCGATCTGATCCTGAATCTCGTCTTCCAATCTCTGAATTTCGTCGGTCAAACTAGCAGAATCGGATAAACCAAGGTCGTTGAAAATCTTGATGAGAGTAGAGTGATCCGGTGAGATCTGGTGCTTGATCCCGGCGATTGTATCGGTGACTTTACGACGGAGAGCAACGTCGCGGGCGTCGACGAACTGAACAGAATCGGAGCATTGTTTTGTAAGGAGAGAGATGAGATCTTGGGCGTCGTCGCTGAGGTCAAAGTCATGGAGCGGTAAAATATCAAGAACGGTGGATAAATCGGTGACAAGCTCGTGAAAGTTGAAGGCAACGATGTCGATCTGCAAGAGTAGCCAGAGTTTGCTAACACGAGAACAGTCATCGATCAAAGACTTGATACGTTGCATAACGATTTGCATTTCTTCGAAGCAGAGATGAGCGGATTGAGAGTAGACGACAAGTTGGGAACGAGGGAGAAGAAGCTCATCGAAGACGGAAGCTAATATCTTCACTTTGCGAATGAGGGAGAGAGAATTGCGTCGGAGAATGAATGGGAGAGGCTGCATAGAAGAAATCTCATGAGACGCCAGAAACAGAGACCGAGTCAGTTTGGTATCTGAAGAAAGCTTCGGAGATTCGAATGACCCGACGACCAAAGGGCGACGTTTTCTCGCCGGAGAAGGAGAATCAAGAGTAACAGCCATTGATGAGGAAGAAAGACTTTTGTTTAGGAATGGAAAAGAGAAAAGGAAGAAGAAAGAAAGAAAGAGAGCTCTAAGCTCTTGTTGGTTGTAGTTGTTGGTTTGTTACACGGAGAGAGGAGCTGGCGTTTCAAATTTTCCTTTGGTTAAAGTTATTTAATTGGAAGAAAAAGTCGTAACGGAAGAAGAGACGACGGTGGACGGAGCCGTCAGAAGAAGTCAGTCAGTCGCAGAGAGGACAAAGCCGCCTTACAGAGGA
AthlncRNA346,TGAACAATGTAAGAGAACAATCTTCCTCTTCCAATGATATTGTTGTGAAACTCTACATGTACATAATCTTTGGGATAGTAGGCAGAGAACAAACTTATGATTAATCTGTCGGGTTTATGGTTTGCCACTCGAATTGGGAGATGTTAAAGGAAACAAAGTAAGCAATTCTGGTTCTGTATACCCCGGTTTAGACCTTGGCGATGGATGCAAGTAAAAGCGTCTTTCTTTAATGGCTTTCTCCTCTTCTTCGATGTTTGTTGTACAACTATCTGGTTCCCCTTCTATCAAGGACAAGTTAGAGAACAATGAAGAAGGGGTGCCCACTGGACTTGTTAAAAGGTTGGTATTACCAGATTTAGATGATGGTGTCGTACCAGTGGGCTTAAAGCTCAGAGGAGGTTTGACAATTTCAAGCTTTGGCCTCATACATTGCCTTCTCTCATGGAGCTTTGAAGTTGGCCTCTTTTGTATGGCGGTTTTTATCACTGTTGCTTCTGGTGTTGCTGCTGCAGCGTTGTTCTCTGTTGGACCTGTCAAGCGCTGCACAATTTCTCTGAAAGTGTTGGTGTCAGTTTGGACAAATGTAGTGACAGGCTTGCAGGTTGTTGCAACGTTTTGACTCCCTTTGCTATTCATATTTGATGAGAAGATGAAAAAATATTCAAACATGAAAGGTCCTATCAAGAGAACCGAGGAATGTCAACTTCATGTGAGTTCAGAGATTAGATTGATGGAAGGAGTCAGAGAGAATGATAAAAAGGTCAAAAGGCATACCTGAAGAGCAAGCCGAGGCAACAAGTGGAGGTAAAATCGAATGAGAATGCCGGATTTTTTTCTGAAGAAATAGAACTTAAAACAGAAGAAGGAAATAAAAAGAGAGAGAAAGAACTAAAAGAAGATATAAAGACTGTTGTTGGTCTAATGGTCACAGCTCAGAACTTGTTCATATTACCAGAAAAGAGAAGAAAATGAAAAG
AthlncRNA352,AGCTGTAACATAAGCTGGTAGGACTACAATCTATTGGCGCCTGCAGACCCCAAAATCTCTTGCATAGCCTGAGAGCAATTAAGGAGCAAGATAGTGTTGCTACTAGTGATGCTGAAAGGGAGATGGGGGTCGAGCTCGAGGCCCTGTTTAGAGACATCAGCTGAGATACAGGATACTGAGCTAGCAAGACCAGGCGGGCGTAGAACGATCCGCTGGGTCACTGAGTTGATGGACGTAATGACATAAGATGACCCATGGAGGGCACCGAAATAAAGCTTACCACCAACACAATTTATCCTATAGGCTTGATCCCCGCAGGTTGGACCCGTGCTTAGAGGATAAGGTACAACCATAGGTCCGCAGTTAGGACACCGTGGTGGTCCGGCCATGGGAGGTTTTGCCTTAGCATGTCGGGCACAAGAATGACCCGCGCATGCTAGCCATACGGTCAAGAGAGTAGGTATCAATAAGGCGTAGTATGATCGCTTCTTCTCCATTTTGTTGTATAACTAATTAAGAGTGTGGACAATTAGTGATC
AthlncRNA354,ATTGATACACAAATTTCAACAATGCCATAGTGCAAACTATGGCGGCAACAAGGAATAAAACCCAAAAACTATCAAAGCCAAGTTGCCGGAAGGATACTGAAGGATTTGGATCGGGGTTGGTGAGTGGATCTGGGCAGCTTTCATCGATTGGCTTGAACCATGCATTCTCGAGTTGGTTTGCCTTGTTCGACTCTTCCACTTTTAGAATGGCCCTTGAAATATCAGCCACTAGAGGGGATCCAATGGGAAAGACCTGCAGAAGAAACTTATGGTTTTAGCATTAGGTGCAAGATGACTACAAGAGTGAGTTCAATGCAAAGTTATGGACTTACAAAGCCTAATCCATCGACCTTGAACGGAGTTTGAACCATTTTGTACTTGTTACAGTATTGTCCCAGAAAAATTCTCACGTAAGGTACTTCCATTAAAACCGCAGAAACACCACCTTCTGCTTGTCCTTTGCTCAGTAGCGCATCACAGTGTTCTGGTGACCCATAGGATACAAGACTAGCCTCTGAGAAACCTGAGTCCCTGAGTCTTCCCAAAATGAAAGAACTTTGATATCCAACAGATTCTCCTTTTGCCAGCAAGCTATTTATATTGGTTACCGTTGGATGAAGGTGTTGTGTTGTAAGAAGCGACGCCAAACTAGCAGTGTAACTCTGAGTTAACACAAGTACTAAGAAGTACCAAATGATAACCACGACCCTTGCCCAGAAGCTAAGCACTCGTTCTCCTGTAGATGCATTAAGGTGTAAGCAAGATGACATTTTTGGAATAGGTGCAGCACTAAAGTATGTGAAAAATGAGCATTGGCAATTGCAGTGTAATGGACAGAGGGAGCTTACTCGGCGCAAAGACCATAATGGAGAAAGAAAACCAGAAGATAGTGCTGAGTTGATACTGGCCAGGCCCATCAAAGTCTGGATTTACCCTATGTTCAAGAACCCATACGACAAGACCAATAATGAAAAAGGACAAAAGGCTGATTAGCC
AthlncRNA358,TTTCTTTGGAGAGAATAATGTCTGTGTTTCTTTGCGTGAGAAGATCTTGTTGGTGTCTTGAGATCAATTAAGGTAGAAGAAGATGACGAAGATGGAGTAGGAGATGATCTGTAATTATCAGGAACAAGATCAAGACCCATGAGTCTAGCAACCAAAGTAGGTGTCTTTATGCTCGGAGAGTAAGTTTCAGTGGGTGTAAGAGATGCTGATGATGATCTTGCTTGTGGTTTGGTCTTGATTTTAATACCCATCTGGAAAAAACCATGATTAGGGTCAAAAGGAAGAAACTTTTGAGGAACCCAAGAAGATAAAAAAACAGAGTGGATAGTTTTAGTTTTATTCACTTACAGAGATATTTAAATTTCCATCTTTTCTGGTTGGTGAAAATGAAGTTTCCTCCTCCGTTGATTCCAAGCTGTTTCTTGGTGCATCTACGCCTGAATTTGATTTATAACAGAGAATCAAATAATGTAATGTAAAAGAGTGAAGAAGTGGGGAAGAAGATGATACCTTTGGGAAGATGAAGATGGTGGTGGTTAATAGGAAACTGTAAATGTTGAAAATCAAAAATGTTGAAGACAGCACTCATGCATCCCGCCGCCGTTGCAGTATTTCCGGCGAGTGACGGCGGTGGCGGCTGCGTGGGTTTGATGTCTTCTTCCTTTGACTTGCTTGAGGATTTCTTCTTCCCTCCGCCGAGCCAGGACCAGTCTCTTCCCATTTTTTGTTTTGTCAAGTTTTAAGGATGAGAGCTCTGTTGTTGTCTGAGTTGTTGAATTGGTTTTGTGACTTGAGGAGGAAGAAGAAGAAATATGAAGAGAGGAAATGGTTTTTATAAGATTAAAAAATATATAGCTGAG
AthlncRNA364,TGAAAAAGAACGTTAGCAGATGTCATTGCAAGCTTTCACAATTTTGTTTAGCCAAGAAAATTGAATTAACTGTTTACCATGTCGTTCCACCATACTGATCCTCGTCCATCGATGATCCCTTTTCCTTTTATAGTGATTCCTTGAAGTGCTTTGAATTCTATCCATTGCAAGAGACCTGATCCCCATGCACTAGCACTCGTTGGAGCTATGATCTTTCCTTCTAACTACACAGTATCCAAATACATCAGTCACGATTATATAACTAGAAATGCTTGATTAACATTTTTTTGTTCTTGAGTAAATTACCTGAAAGACGATTTTCTCTTTACATTCTTTTCCCAGGAAGGAAACAGGTCCAACAAGGAACGTAGAACCAGATGGAACTAATAATGTTGACGCTGCCACCTTACAAGCTACCTGCCAAGCATCTTCAAAAGCCTGCGATACAAACGGTTCCATTATATATCGATGAGACGGATAGAAACGCAGCTAAACAATAGAAATGCTCACTTACCTTTGTGTCATCACTTGTCCCGTCACCTTTTGCGCCATGGTCAAGCACATTGATTGTTCCGGAACTTCCCCCTTCGGCGATAGACCTTCGGTTTCCTTTCCAGTATACACTGTACCTAGCGTCACAAGTCCCGAATCTCGAAGAGAATAAGGAGATTAAGAGGAGAAAGTTCAGGGAAAGACATTTCAATGTTAGTCTACACATCTTTAATATTGTAAACGATTTGTTTCTAGGGTAGAATTTGTTTAATTATGAGATGATATAAAATGGTAAAGCGAGGGTCATATTTATAAGTGGAGAAAAAACACTGTT
AthlncRNA369,ATGGACGAGGAGGAGGATTGGTTGTTGTTGTTGTTGCAGGGATCATTAGTTGGTGTAGAGATGTTGAGTGATTGGAGAGCTTTGAGCTGTTTTGGGTTTAGTGGATAGGAGGAGACGGTGGTTAAGAGAAGTGGGAGGAGGAGGAGGAGGAGCAATGGCGGTTGTGGTTGCTGCGGTTTCATAGTGGACAGAAGAGGAATGTTGGAAAGATTGGAATTTGAAAGAAGGGTCTTGTGAGTTTGTCACAGTTTAGAGACTTCTTTACTCTTAAAGAGGGAAGTGTTTGATTTGTTATTTTTCCCCAGTCTCTTAATTTTCTAAGTCTCCGTAGTATCCAAATAGAAATTACTTGTTGCTCTGAGTTGAGATTGTTAGAATGGTAGGTTATTTTTTGTTATGATTATAACATAATTTATT
AthlncRNA37,TCTCCATCTTATTAAGCTCTCTAAATCTCTCTCTCTCTTAGGGTTTAAGAGACTATCTTCTAGTTGTCGATACCAGATCTCTCTGTACAGTTTCGCCCATGGCTTCACTTCTTCCAAGCTCCTATAGATTCCTTGGAAATGGTCATCATAGAGTTGAGATGTTGCCAAGAACTGATTCAAGGATATTCACCTGGTTGGAACCGGTGAGTTGAGATGTATTGTTGTTATGCCCCAGGTTGGGTTAGGGGAATGAAGCCATTGGTCCGTGCTTGTAGGATAGATGTATAAAAAAAGTTTGATGTCTATCTTCTCTTCCGTTTGGAAATTATTTGGGTTCTTGAACTATAATCATTTCTGATTCTAATTCAAAGTTTTTTCGATAGATTTATTGAATCATACACATCAATCTTATTATTAAGTTTCTGCACTACAAAGAATTTTACTCTGCATTCATCATACATCCTGAGA
AthlncRNA373,CATGGCCAATTCTCTCTCCCTTTGCAAGTCTTCTAGTTTTCAACTATTTTTAGCCTTCTATGAGTGATCATAGCATTAGTTGAGCGTCTTCTGCGGTTCTGCCCTGGAAAAGCGGCAACTGATCTCTCAATGGGTCTCAATCCAATAATGGTTGGGTAGTTTGTAGGGAACGAGAACTGTGAGTGTGAGACTCTGTAGCTTTGGTATGGTTTCTATGGGTGATTATAGCATTATTTGGGCATCTTCTGCGGTTCTGCCCTGGAAAAGCTGCAACTGATCTCTCGATGGGTCTCAATCCACTAATGCTTTGGGTAGTTTGTAGGG
AthlncRNA376,GAAGAAAATCAGATCTCAATCTAATCGAAGAAGAGCCTCATTACGGAATTGGCATCGAGAAGCTAGGGCCCAAGTAGTGCCTCGCAATCTAGGTCAGGTACATTGCGTACGATCCGCGTAGGCCGGTAAACCAATAGTGTAAGATCCATTCCAAGCTTGAGGTTGTTTCTGACAAAGGGAAAACACTTTAGGAGAGAAATCTTCGATATAGTAAAGTATTTTAGACGCTTAGCCATGGGAAGATACCGTCAGTGATCCATGGATCTCCGATCATCCAACGTAGAGAGAAACATCTTGCGGGCAATTGTTGTGAACAAAGGAATGAATCTTACACTATAGTATTCCCGGTAAAACGATTAATTAGAAAGAATGTATGAACAGTGAGAGCTTCTCAAAGAGGTCCCGCAGAGTATCTAGCTATTGTTTTCGATATGTATGAAATCTTGACTTTAGTCCGGGGGCATCCGATCACTGAATTGAACCCTCGGACGTATATTTTTGACGTCCTTACCAAAACTTCCGGGAGTGAGAAATTTTTTCTCCTTTCCTTGCCTCCCAGTCCTTATTTTGAGCCAGTTGGAGAGCCCATAAAATGGAAGTGCTTCTGTCTTACAGGCATTACCCTCGTGCTCTTTCTGATGCCCGGCTAGTTACAATTGAAGGTGGAGTAGCTTTGCCTTTACCTTAGCTTTTCGATGCCATCTTCGTGAGTATGATCATTCTAAGGAACCCCGCCTAGGATTTGAAGACAGGACCTCTCCGTCATCATACTGACCGCTCTACCATCGATGGTCAGGCATTGGGTTTGGGTAAAGTTTAGAAGAATCTTTCTTTCCAGCTTTGGTCACATAAGCTTGAACCACTCCGGGGGAAACATTTGGATATTATACGATCGGACTTCTAGGGCATGAGCTACTCTCTTCTAGCCTTCCAGATCTAAGAGCATGTCGTTGTTCTTGGAAAAGAAGAGGGATTATATAGCTCCTTGTCATCTACAATAATAGGACTCCGACAGGCCAGCCAGAAATAAACTATAGAAGGAGGTTGCTTCGCTAGACCAGCAGCCAAACCAACAATGAATATATAATATAATGATGGTGATTCGGCTCAATAAAGGAATGTAGAAAAGAAAGGGCGGAATAGGGTCTATAGTAGCTGACTATACGAGAGAATAGGATCTCAACAGGGC
AthlncRNA377,TGAGAGGTACTGACGTGACTCGACTGAAAGGAGAGGCGAAAGGAGCCTGACTTACGGTTTCAAAGCCTGGCGCGAAGCGAAGGGATTGGATTTCACCTATGATCAGATTAGTGGGCAACCATTGTTTACTTTTTTCGTGGTGTTGTTGACGTTGTTGAAAGCTAATTAGGAAGTAGGCCTTGCTTTTCTCCGCTGGGAGCAGCTCACACTATGGTGGAGGAGGTGCCGTGAAGATCTAGGAGTGTGAGCAGTACGAGCTGAAAGGCTCCCATACTGTTTGGAGGGCAGGGGGCATAGATGCCAAAGA
AthlncRNA378,CTCGGAAAACTAAAGAATCGAGGGTCCAGAAGAGAATTGGCCATTTAATCTTGTAAACTAATCGAGACCGAAATTGGAAAAAGAGATACGAACAGAGAGGAATAACCAATCGATGAAAGAACATGAAACCATTCTGTTTCAATAGAGGTACGAGAAACGGTTAGGGGCAATAAAGTAGGTGAAGTGGTTGGATTTTGCGAGCTGTTCCAACCACTGCTGGATGTGATTCCAAGAGCCGAACGAGAATGAATACCACACAGAAGAGTCAAGACCAGGCTCCCTAATGGAATGTTTAACCGATCCATTCCGGATCGACCGAATTGGTACGAAAGTTGTAACATGGGAAAACCACAGAAAACACGACTTATTTGAATAACCCGGTGACCCACCAATTGTAGAAGTAGGATCTTTGGCAAGCAATAAGTACTTAAATAATACAATTCGAGTGTACCATCTTCTTTCTCATTTCGAGGAAAAGGTGCAGGAGGAAAAGGAAACAACGGAGGGATCCGAATCGGACCTAAATGGGAATGACATGAAAAGTCTTTTTCAAAACCTAGCATTAAGGGCGTTACGACGATATACGAGAGGAATGAAGAAAAACTCGTGATTGGTGTGGAGGAGAAGATCAGTTTATGATATAGTTCAAGAAAAAGTCGTCTCATTTCCTTACTTCTTCTTTCTAATTCATTCACTTCAAGGCTGGTTCTGAACGCCGCGTAACATCATCTTCAACCAACCTCCACCGTACGTACCTTTCGGTGCACAGCCACTAAAGAATTGCTTATACACTAAACTGCTGCTTATATACGCTTACTAAAAGACTGACTTTCGTTCATTAGGAAGCATGAAACTAAGAAAGAGAGATGTGCCTAAGGCGGCATGCAAGCAAACTGTGCACACTACGAGAAAAAGAGAGATGTTCGCAATTACTACC
AthlncRNA42,GAGAGAAATCAAGAACCGCCAATTTGGAGAAACCGCGGAAACCAGGGGAAGTAGAAAACTTGTTCGTGCTGAAGTTCAGATGCTTCAGAGCAATGAGTCTTTCGCAATTTGTAACGAACCCTTCTGGGATTGAGCTCAATCTGTTGTTGGAGACATCAAGAGACTCCAAAGTCTGGAGATTGCAGACAAGTGGTAAGAAGGAAGAATTGGAGAGATCAAAGTTAGAGAGAGACAGGCTAATCACAGAGCTATTGTCTGGTAAGCTGCAGAGAACACCGTTCCATGAACATGGATTCCTCTCAGAACCAGGAAGATTCCAATCCGAGATATTAAGGAAACTAGAGAGTTCGATCATTGTGTTTGTCTGGTTCAACGACAACTCAGAGAAACATACATGGCAACAAGATAAGAAGCTGAAGAAGAGACAGAACATGAACTTGCCTGTTTCTGGAGGAACATGTATCTTCTTCATCTTTTTGACCCCAGTGAACATTGCTTTCAAGCAAAAAAGATGAAAAGCTTAACGAGTAGAGAGTGCTGAGAAAATGGAAAAAGAGAGGTCACGGAAAGTGAAGAGAAATTACTACAGTGAATAGTGTGTCGTGTTGATTGGGTCGAAGGAGTTGACTTGACTGATACGTTTTTCATGTGTTTTGAGATTTTCTGTTCTGCCACGTCATCACTCTTTGTTTTTAACTCTTTTTTTTCCATCCTTTTTTTTTAATAATAAAAGTGGGTTCTC
AthlncRNA52,ATAACGCGGCGTTGTACCACTGTTAGATACACGACTTCTTCGATCAATAATCGATGGTGAAGTCGAGAATTTGTTACGAATGTCTTCTTCTTTGTGATGATTGGATTCGTCATTATTGGTGTTGCGGCTGAGGAAGCCGCAAAGGACGGCGAAAAGGACGAGAACGAAGTTGAGATAATCCCAGCTTTTACGGACTAAATGAGGTCGGAAAATCTGAGAAACAGAGGAGAAGAAAGGAGGGATAATGAAGACGACTATGAGGATTGCAGCTGTTCCGGCGAAGAATATTTGAGTGGCGATGGTGGTTGTACGGCCACCGAGACTTGCAGTGCGGCGGAAGTAAGTGTTATTGCGGCGTGATTGAAGCCAAAACGGCGTAGACGCGTCTCCATCATCTTCTTCCATACTCTTTCTATTATTTGGCTTTTGATTAGAAAGACAACTTTTAGTTTAAGAGTGGTTGGCTTACGATGCTGTAATGTGTTTGCTTTTATGCTTTTGCTTGGATTGATATTTGTTTTTTAAAATGCTTGGGGACTTGGATTTGGTCATTTTTATTTGTTTTTTTTTCTTTCTGTGGATTCTTACTTTAATTTACACATTTTTTACAACAAAAAATATGTCTTTGGAGTATTTTAGAGATTTTTTATAGGAGACA
AthlncRNA53,TCACCGTCGTCACCATCTCTCGGTCAAGTTTCTCTCTTTCTTCCTTCACTCCTACTCATGAGTCAGTCAGGATCATGCTCTGCTCGAACAATCATTCAGTTATTTTCCCCGGAGGACTGAAGATACTGTTTCAGAAACACGACGATCCAACTCTGATTTTAAAACCGAACTCCGAGGTTTTGTTTGACATCAAAAGACGTCGAATCTTCAATGCTCTGGTTTAGGAGGTATGGTGACAGACACGATGGTGGAGGAGATTGGATTGGATTCTCATATTCAGCCCAACAAAAAGCCCATTCACCTACCCATTAAGAAACAGGTCAATTTCTATCCCTTCATAATTTTTTAATAGCTTTTAATATATATAAACCCTAAAACTTAAACCCTAATCATATACTAAATTTTTATATATATTATTAATTTCAATTTTTATTTATTTGAATGTCAATTTTACATAATGATATGAAATCTAATCGGTTTTTGGATCCGGCATTAGTCGTTAGCGATTCCAAATATTCAACTTGTTTTTCCTATTATTATGTAGATTTAATGTTCAAGTTTTTAATTCGGATTTTTAAAAATAGTTTTTAAAACTTTGATTATGTTTCGTTTCGAATTTTTAAAAGCTTTTTTCGTTGTGTATGTTTTTTAAATTTTTTTTGTTTCTGTGTATACTAAATTTACATAA
AthlncRNA55,AGAGTTTCTTCAATATAATAGTCAAATTTCCAGGAAAGAAAGAAAAACCCACCTAATCCAATAATAATAAAAAAAGAGAAGAAAATTTCCCAAAATCAAAAACCCTAAATCGAATCAAAATCCTTTCTAATAAGAATGAAATAACCCAAAACAGCACAAACCGCAGCAACAGCATTGCCTTCTTTCAAAAGAACCTTAAACACAAATCCAAACACTTCTCTTGTAATCTTACGAGCTTCAACAACCAATACCCTTCTCGATTTCCCAAAAAACGCAAGCAACACAACCACCGATATCCAGATCACCATAACCGCCGGAACCGCAACCGCAGCCGCCGCAACCATCGACATGGCTCCAAACACAGCTCCTAACACCACAGACGCGTAAACCGCCGGTAATCTTGACGGAGACGGCGATGACGTGTACTGGAGCTTGTACCAGCTAAGCACAGATGTGAGAAAGTTCCATGAGGAAGCCAGGAGAATCGCGTAGACAGCTACAAAGAGACAAACCCATGTCCGTCTCTTGCTCATGATTCGCATAAAGATAAGGTACGATCTTGGAGGAGAGCCATTCGATGTTCTTGGCGATCCTGTTGGATCCATCATCGGCGATCTGATTGAGATTTTTTATTGAGGGATTTTTTCTTTCTTTGTGTTGGAAATTGAAATCTCCGTGATTTGAGATTTGTGCTGAAGAACTAGAAGAAGAAGAAGAAGAAGAAGAAGAAGAGAGAGAGCACAAAAAAAAAAGTGAAAGTCTTCAGATTTGGGGAAAATAGATTAGTTCACGTGAGTCCCACTCTCATGTTAAAGCGCGTGTTAATCACTCGTTGGTTTAGAGGCTTGTAGTGGAGTACACGCGCTTAAGTTTCGTTTTATTTATTGATTTCCCCCAAAAGAGACCAGACATGGAAATTAGGAACAAATGAATATACATGGAAACTGCGTGAACTCACTCTGATCAAAAATATTATT
AthlncRNA56,TTGGTCTATAAACCCAAAATGAAACGTCTCTCTCACTTGGCTTCTCCTTTGATAAGGTCGAAAAGACCATCAACAATGGATGCTCCTCATCAAACCTTCCTCTCTCCTCTCTTATCTCTTACATATCTAAATACATGAAGGTACTTTCGAGCTCCCATCGCCGGAGATGAGATGAGACGGGGGCCATATTTGGCTGGAGAAGGAAGTGTGATCCGTAAGACCATTTTCTAATAAGGTGTGATCCATTTTATGGGTGAAAACTAGAGTTAGAAATTGGGCAACTATGTTCCTTTGGCATTTGGTTCTTGAAGAGTTTTTTTCTTCTTCTTTTGTTTTCCACGTTTCTTGATGATATAACAACTATGATTTGTCAGTATTTTTTGCTTCTTATTTCTTTTTACTTATAACCGCATATTGTATTAATCCGTTGCTGTGATTTCATCTACAGTTAATCAGTTCTAAGAATTCTAAATGATCCTAAGGTATTGATATGATGTTTTAAGCCTCAATGTAGATGATATGATGTAGATCAACAATGATTTTGTTCCGAGTTATTACGACGTCGTTTGATACATGAACTCGTATGACTAATTAGAGCA
AthlncRNA62,TAGGGAAGTAATTGTATAGAAGCAGCTTCACTGATTTGTTCGAACAGTAACCTAATAGCTTCACTATGTTTCTGTGTCTGATGTTACCGAGAATCTGAATCTCTGCAGCGAATGAATCTATTGTTGATTCTCCTTCTTCGTTGTTGTCTTTAGTTTTCCAGAGTTTCTTCACTGCTACGATGTCTCCGTTGGGGATTTCGGCTTTGTATACGATTCCTGAACATCCTTTTCCGATTACGTTTTCGTCGGTTAAGGAAGTGACGATGTTGTTGACGGTGATACCGAGTTTTTGGAATGGTATGAATGTCCACGGGTATGAGAAATCTTCTGCTGTTGATGGAGAGGAAGAGGAGTTTTGAGATGTTTTGTAGAGGTGGTTGTTTCGTAAGATGAGAAGCCAGGCTGCGAGGATTGCGATTGTGATTGATGCGAGGATTACTGCGGTTAAAGCTACGATCTTTGGGGATTTTACTCCGTTGTTTTGTCCGGTGTGTGATGAGCAAGTGATGCCGTCTAGTGAATGGCAGAGGTTTGTGTTTTGGAGGTATGATGTTGTGGAGATTGTTTTGAAGAATGGTGTTGATGGGATTGGACCTGAGAAGTTGTTGCAGGAGATGTTTAGTGAAGCTAGGCTTGTGAGTGAACCGAGGACTTTGATGTCGCCGTGTAGCGAGTTGCTTGAGAGGTCGAGTGATTGTAGCTGTGTGAGGTCGGAGAAGGTTTCCGGGATGTTTCCAGTGAAGGTGTTGTAGCTTAAGTCGAGGTTTATAGTTAAGCTTGTGACTTGACCGAGTTCTTGTGGGATTTCACCGGATAAGCTGTTGTAGCTAAGATCAAGAAGTGTAAGCTTTTGTAGATTCTTGATAGATTTTGGGATTTGACCAGTGAGGAGATTGTTGTTGAGGATCAGCTTGTTTAAGTAGCTTAGGTTCCCAAAACTCAGCGGTATGTTTCCTGTGAAGCTGTTTCTGCTCAAATCAAGCTGCTCTAGATTCACAAGGTTCCCCAACTGAGCAGGAATATCTCCGGTGATGTAGTTGTTGTGGACATCTAAGAGCTCAAGGACAGTGATGTTAGAGATCTCGTAAGGAAGCCCACCGGAGAAATGGTTCATGTAGAGATCAAGAAACACCAGGTTCTGTAACTCGCCTATCTCTTTAGGGATTTGACCTGAGAGTTGGTTCTCTCCGACTCTTAGCCTCACAAGCGACTGGCATTTTGCTACGCTCTTTGGTAATCCACCGGATAAGGAGTTCCCTAGAAGGAGAAGTTTGCTGAGCCTCTTTAAACTGAAGAGCTCTTCTGGTATTCTTCCTGTTAGCTTGTTCCTAGAGAGGTCCAGGGCCACTAGGTCTGTGCAGTTGCCAAAAGAAGACGGAATTGTTCCTGAAATTGAGTTCTCCCACAAGAAAAAGCTCTGCAGAGACTTGAGGTTTCCAATTTGTGAGGGTATGGAGCCTGATAACTTGTTCTTGTCCAGCTGAAGAGCAATGAGGCTGGAACAGTTGCTTAACTCCCAAGGAATCTGACCGGTAAACATATTATCAGACAACTGAAGCTGCTCCAACCAAACAAGCTTCCCCAAATCTCCAGGAATATCGCCAGTTAGATCGTTAGCTGAAACATCAAACACCACGAGGGAAGAACAGTTGGAAATCTCTGGTGGGATGACCCCAGATAAAGAATTCCCCCATAGAAGCAAGCTAGTGATCTTCTGGAGCTTACCCAGTTCCTTTGGGATTGATCCAGTGAGCTTGTTCATGTGCAAATACAAGTTCCTGAGCTCTGAGCACAAACCCAGTTGAGGAGGAATGGTACCAGAGATCTCAGTGTCATACAGAGCCAAAGTTTGCAAATTTACCAAATTCCCAAATGTGGAAGGGATTGAACCTGACAAACCACTTGCTGCAAACCCTAGAGTTGTCAAATTTTTCAGAAACCCTAGCTGAGCAGGGATAGGACCTCCGAGATTAGTGTTACCACCAAGTCTGAACTGCTGAAGAGAGACCAAAGAGCCAAAACTTGAAGGAATCGAACCATTCAACAGATTGTCTTGAAGACAAAGCACTTGCAAGGCAAATAGATTCGAAATCTGTGAAGGGATTGAACCTGAGAGCTTGTTGGCGTTCAATATAAGGAACTGGAGAGTAGAGAGGCGACCAAGCTCTGATGGGATTGGACCAGAGAGAGAGTTTGAAGAAAGGTCGAGAAGCCTTAGGTGGGTAAGTTTTCCAAATGAAGGAGGGATTGGGCCAGAGAGGTTGGTGGAGGAGAGGTTTAGGAACTGTAGAGAGGAGAGAGAAGAGAGGTCAGGGATTGAAGACAGGTTAAGGAAAGTGTCGGGGATAGAGACAGAGATGACTCTGTTGTCTGCAGAACATGTAATGCCATACCATGAACATGGTGTCTGGTCTTGTGGGTCCCAAGAAGAGAAGAGTGATGGTGATGGTCTCTTGAGAGAGAGAAGAGCTTGGCCATCTGATGAAAGAGAAAGAGTGGGTTGGGCCATGGAGACCCATGAACAAAACAAGAACAAGAAGAAAAAATTACTTCGTTCTCTCTCCATGGAATCTCTGTGAAGAAGACGAAGGTGATAGGTTTATGAAAATGTTGTTGAAATGATTGGTGGGTGGTGGGTAATGGAGGATGAGGAAGAAGAGAAGCAAAGTGTAGTCTTATCTTTTTTTGTTGAACCTTGAGGAGACAAGAAGCATGTGTAAGGACTCTGTGATTGCTTAAGGTTTACACTAAACCATTGCAGAACAAGAACATCAAGAGCGATAACTGTAGATAACCATGTGAAGCTAAGAGTGAGGTCTTTACATTCTCTTCCGTGGAGAAACTCGCTGGCTGGAAGAAACTTTATCCGGTGGTGGTGACGGTGGCCGGAGCGTTAGAGGTTGAAGAAGGTGACCTTGGACTTTGGGTTTTGCTTTATCTCTCTCTGTCTCTTTCTTCTCGTTTGGTGT
AthlncRNA64,ATGAGCTTGGAGTGGACATAGACCATGAATCTCCGATTCCTCTGCGCATTCCAGTAATGCGTTTTCTGGTGGGGCGACGAAACTGCTTCAAACTCCCCATCTCTCTTCTCTTCTCTGTTTGCAAGACAGAAGAAGTTTAGATAATCCCTCGGATGCGACTTGTCTCCAACTTCCCATATCGCCTCTCCAATGATCTGATACATCATTGACATCGTCTCTCTCGTCCAATGAAGTATCTCTTCAACCGTTTCACTCTCCGGTGGCCCTTCCGGCCACATCGGTATGACTATATACACAGCAAATCTCTCCCTTGCACGTATCTTAGCAGCAATCTTTAACGCTATTTCGACAGGTATCAAGTTTGTGCATCCGCTGCAGATTCTATCCATCAAAAAAAGAAATACTAAAATAGATCAGAATCTCCCAATGGATATTTAATAGCTTCGTTAAGAGAAATTTCGTACTTATCGTTCTTGCTCTCCCAATGATCACAGCTTCCCATGAAATACTGATTCTCGATGTAGATAAACCTCTCAGCCTTTCGAATTGCTGCGACATAGCCATCGTGTACACTCTTCTCTACCGGCAAACCTCTTGGCATCTCTGTTGCCGATATGTGATCTATCGATCTCAGAACTTGAACATTCCATTTCCTGTTATTTTCCTCAGTAGGTCCGGTTAGGTTTACTAAGTTTCTGATCCCTGAAGTGTTAACCAACACGGAAGGGTTACACTGTTTCGTCCATCGCTGTTCGAAGTTCTTCAGGACATCCCAAGCCGCTCCTCCAACCACGGACACATGGCAATCATGCCATGGCTCTCTTGGTCCGCCTCTACTTAGCTTAGCTCCAGCTACACTTGTCTGGTAAAAATCAGCTTCTGTTCCGAGTGTACGAAACAGTGAATGCTCCTCAGTGTCATATCGACCATCGCAAAGGTCAAACCCGCCAAGGAAGCTCATGATCTCTCGCTCCTTCGTGCTTGAATTTGTCACCCGTGTATCCAGTGTTATTGTCTTTTGGTGGTGTGCAAACGCTGTAGGGAGCTTTTTGTGCAATCTTGGACACAATCTACAAACAACGTTTGTGTTTCTGAAGTAAGCAAGAGCTCTTTCGACGTTTGTTCTCATTACACCTTTGTTCTTGATCATTGGTAAAGACGTCTCGTCGTTCCACAACATTA
AthlncRNA74,CCTAAAAACCATGGTGACTTTGCCAGTGCCGTCGAATCTTCCACGAGACGATTGGGGGATGAAGGAGCAGTGAGGGGAAGAAGATCGGCGAGACCGTGTACGGCAATATGTTGACCATCGAACAAACCAGGGATGAGAAGTTGAACGCCGTCGAGAAAAATGGAATCGTTGGAGGAAGAATGCTTAGTGAGAAGGAGGCGATGAGATGGGAGAAGCGTCGGGAGAGAGGAGGAGTTGGGGAGAGATCGGAGACCAGAAAGTGAGAGTCGGAGAGGTACCGAGTGGAGGCGGAGAGTAGAAACGTAGAACGGAAGAGAATGAGTCATGTCGAGATCGAAGAGCATGGAATCGGTGGGGGCGAAGAGAGTGAGAGACTCGTCGGAGAGTAGATCGAAGAGAAGATCGGAGGTGATGATGGCATTGGCGAAGAGAGCACGACCTCTGACGCGGAGGATGGCGATGGCTCTTTCTAACTCTTCCAAAGGAACGCCGGTGGAGGGATGAGGGAGACAGAGGATGATGAGAGCTCCGAGAAAGATGGCTCTGAAACAAGAAGCGCTCGAGATTTTCGCCATTGTTGTGATTTGTGAGGTCGAAGAGAGTAAAATGGAAGACGAAGAAAGAAAAAAGCGGTTATGATTGGGTTTTATAGGGGAAGCGAATCTTGGGAACTTC
AthlncRNA75,AACCAGGCATCGTGGTCTGGTGGTAAAGGAACCTCGACTGAGGCGCCCGCCACCCGGGTTCGATTCCTGGCCACCAGGGAATTAACATGCGGACTTGCTCAGGCGCCTTAGACCACCAGTTTCAGGGGGCCCTTAAGTAGAGGCTCAAAAATCCCTGATCGCGGGTTTCGGCCCAATGGACTAGTCAGATCACTGTGTGGTCTGGACACTGAGTTATAAAAAAAAAAAAAAAAAA
AthlncRNA78,CTGCAAACACAAGCAAGAACAGAGAACAAAAGCCAACAGAGATTACTGTTGCTGTATAGATAAACACAATGATAACATAGAAATTGATGGAGAAGTTCAGTTTCTAAGAAAATGTAGTGGAGATTGACAACATCGTTGGCCGAGATTCTGGATTTGCTTGTAAACACAATAAAGCCATTTCCACCATCTTCAAGAGCTTCTCTCTATTTTGTCCCCGTGGTTCTAATACACGTTCATCGGAAATGCTTCTTAGCGACAGAGCTTCTCCTGGAGACGAAGACAAACTCGATACCAAATCTCCCGGATGTTTCCCAATTATCAATTCGAGTATCAAAACCCCGAAGCTATACACATCGCATTTCTCCGTCACCTTCATCGTGTAAGCAAACTCTGTTGCGAAAAATCAAGTTCAATTTCGAATTTAGTGATTTAAATTTCATAAGCTCAAAATCAGATTTAGGGATTTAGATTTACCTGGTGCAACGTAGCCGTAGGTTCCAGCAACGGCGGACCAGTTTGATGAATCCGTCTTTAGAAGTTTTGCTGTACCAAAATCGGAGATCTTAGCTGTGTAATCGTTATCGAGAAGGATGTTTCCGCTGCTAATATCACGGTGAACGATCGGTGTTATTCGGTCATGGTGCATATACGATAAAGCGTGAGCCACACCTTTCACGACGTTGATCCTTTTGGTCCAAGTGAGTCGCTTAGCTTCTTCGTCGTTGGCTAAGAGTTTGTTTAAACTTCCTTTTTCCATGTACTCGTAGATCAGAAATGTGTGGCGGCGGTGGGAGCAGAAGCCGAAGAGCTTCACAACGTTGCGGTGACGGATCTCTGTTAATGCTTTTACCTCGTTTAGGAACTCTTGCTTCACAACTGGCTTTGATATCTCTTCGTCTATTGTGTCATGTAGTCGTTTAACGGCTATGATTGTATCTTGGAGGTTTGCTCTGTAGACTTTGCTGTATCCTCCGGTTCCGATGAGGTGTGTTGGATCGAATTCGTTTGTTGATTCGATGATATCTTGGTA
AthlncRNA79,TACTCTCACAACTTCTTCTTCGTTTTCATCATTGTTTTCATCAAGATCATTGTTTCCGCAATGGTAAATTCGTTCCCAGTATTGGGATAGTGTGATCCTATAGAACATTGACTTCCTCATTTGTTGACTTACACTACAATTCTCCTTCACAAACATAAAAGGGCAATACCATTCTCCAACTATCACACTTCCTGACCGAATTGTAGAAACTGGAAATCCAAATGCTGGGAGACGAGCTCTTAGTTCCTCGTCTAGGCCAAGAGCTTCTCTAGGTCTCCTCGGATGTAGGCTCCTCGAGAGGTTTAGGTTTCTTGTCATGCAAGATATCTGGAAAACAACATACCCCTTTCTCTATCTCTCTAGAACACACGGAAACTTTCCTGCAAAGAAAAACAGAGAAGATCTCTCAACACTAATTCCTCAATCTTCTTTATAATAAAGCCTTATAACTTACAATTTCTCGTATTTTTTTGGATCTTACCCTTTGTGTCTGCCTCTAGCGTGAACAACGTAATACCGATTGGAAGACAAAGGTTGATCGAGAGCCGGTATGAACAAGACCTTCTTAACCGAAGTCTCTCTGTTACCAGAACTGTCTAAGTGAACAACTGATAAGATCTTGTCCTGAGGTAACGGAAGCTTCTCTATTTTTGTCCTCGTACACATCCCGAAACAGAACGTATCCTCTGTTTCAGCTTCTTCATCTGTGATAACCAAAACGCCGGAGAACGGACCTTCCGGTGACTCTTCCGAGAGCGTCTTCTGATATTTTCTGAACTGCGACAATGTTCTCGTCACGTACATTTTTTCGTTCTTGAAGCTTTAAGGGAATTAGTGAGTTATGATGAAGTTTTAGTATCAATCTGAGGGATTTTATTAATGAATTTTAACAATTGTAGGGGTGTAAACGACGAGATTATAAAGTAGTTGGGTGGCTCAATGTAACTTTTGATAGTGGAGGGTAAAGTTATGTAAT
AthlncRNA94,TCACCATGAAATCTACATTAACCCGGATTGGTGGTTCCATCGTTGAATGTACCAATGTTTCGTCAAGATCAAGAAAGATTGTCCTTTTCTTGTCATTACGTCTTATCAGAGGCTCGCGTTTATGGAGTTTTTTGTAGCCTTGTTTCATGGTGGGTCGACGGGTAGGAGTTGCGCTAGATGTGGTGGCGAGACGCAAAAACCTGGAGACGCAACGCAAGAGGCGGTTGTGGAATGTGAAGATAGACATGTTGAGGGATGTGAAGATGGAGCCAGCTGCTGCAACGGCTGCAGCCAAACATCTGGATTGATGATTCCGGTTTTTCCTTGCATGTTTATGATGACGCCCAAATGATTTCGGCGTCGGTTTCCCCAGAAATCCATGACACGCCATTATCAAGAAATCAGAGTTCAAAACGTTGATGAGAATTCCGGGTTCTTTTGTGCAGCTGGCTCAGATGGAAACCTGTAGAAATTGTGAGATGTTTATAATGCTTTAAAGGTTCTAACTTCCAAGCTACTGGCTTTGGAACAGAAGAGGACTTGATTTGGTAGAGTTCAGTTTATTCAGGTTGTGATTAGCTCTGAGTTATTTTTAGTAAAATAACAGTTTTTAAGTCATTGACACATATTTGAGCTCTGATTGTTTTCTCCATGTATTTTCTCATTGTACAGCAATATATAAATGTGAAAACAGAAAGTTAAGGAAAAAA
AthlncRNA95,CCCCGAATAGACCTAGATTGGTGTGTGTTCCACGTCATTATGAAAGGGGTATAGGGTGGAGGTACAAGGATGTCATAAAGTGTTCGATTTTGCCCTTGGGTTCACTGTATCCATCACCTTCCGTGTAGAACACATCGAAGATACGTGCAATGTTGAGGCATCGCAGAAGAACTTGACGCGGCACATGATCATTTGAGCCCATTAGCCACCTCTCCTCTGTTTATCTCAGTCTACAAAAATATCATTTCTTCATGAAGGACTAAAAGAAGTGGGAAATAGAAAGAAAAGAACCAAGAGATCCCTTTGATATGCAGTGTACCTCGTAGGTTCCTACGTCATTTGCTAGACGGAACATTGCAGTCAGATGTTTGATGATTAAGGGATTAGAATTGAGCCACTCAAAAGCTTCCTTCTCGTTGATATCTTCCATTCCTATAAAGCAATAAGCTGCATAATCAGCCATCCCGGCTGTCAATACCCCAACCTTCATGTACTCGTCAAAGGTTGATACATGACCCGTCCGTGCCCACTTT
AthlncRNA98,TGTTTTGTTCTATAAGTTGATAAGACCGATGGTTGGTTATTAGTTATCATCAATTGATTACGCTGAATATCTGAATTTTGTCTGTGTATCATCAATCAATTGATTGCTTGGTCAGGATCTATCGTCGTAGAGCCGGTGAGTCGGAGAGTCGAGTTTTCTGGGAGGTTTGTGGCGGGTTTGGTGAGTCGACGGTGAGGTGCATCGTCGGAAATTGGTTTCTTCCGATGGTGGTTTTCAATCCTTCTTCTATGCCTCAAAGTCGTGGACCTTGAAACCACCGGATCTAGTGCGAATGGTTCTCTGCCACTGGGAATCAACAAGTTCCGAGCTTCCGTTCTATTTTCTGGTGACATTTTCCGATCTCTTTTTTGTATCTGTTTCCAAGTTTGTATGGCCCAAGGCCCAGTCCATTGAGATTTAAAAAAAAAAAAAAAAAAAAAAACTTTTTGGATCTATTGAAGATACATGGCCCGGTTAACATTGGTTATCCTGATCTTTGTTTGATGTTCTAATTAATCATGTATATAAGTAACTACATATGTATAAGCTTAGAGAACCAACTCTGTTTATGAACCACTCTCAA
AthlncRNA99,CTCCAACGTCCGCCTATACTCCTCCATCCCCCACTCCATATCCCTGAAGAAACCATAAAAATCAGATCTCTCCAGATCTATGAAAATTCCATACAAGAAAAGACGAAAATGTTACCGATCAAGTTCAAGTTCAGCTTCACGGAGAGATTCTTCAGCTTCTTCGAGTTCTTGTTGCTGTTCGGATTCGAGAGCTGCCCAAGCTTTGTATGAATCGACTTCAAAGAGACGCATGAGGTCCTCGATTCTTGAAGGGTCGAATGTTTTGTCGACAAGAGCTTGATCGGAGAGGAGAGTGAAGTGGTGAATTAGAGCTTCCATGTTTTGGTGAATTTTGATGGAGAAGAAGAAGATGATGATAGAAGAGAATCGAATGATTCTTGTAATGTGGAACTTTGCAACAAGTGGATGACAATAATGTAAGGCAGAGAGTAAAGTTTACCGTTGGGGATATGTATTTGACGCAATTGTCAAAAGTTGAAATGATTGGTGTGTGGTAAAAAGTAAAGTTGGAACCTAAAAACCTTTTATTTTATTTTATTTTAACCTATGGTTTCTATGAAGACCGTTACTTTAGTTTTTTTCTAAAAATGAAAGTAAATAAGCATTATGAAAAAAGTAATTAAGTCATTTGCTTTAGGATTTTCGTTGGAATTTAATCCTACATGTATGGCTACGGATGGTTGCCTAAAATTGAATGGATTAAAAGTATTGAGT
