B4F8A7,MAFASRIGNALRRTLAPTCSPLLQPVRCMSSSKLFVGGLSFATDETTLKDAFSEFGNVLEARIIIDRESGRSRGFGFITFTSTEEASAAMTSMDGKELQGRNIRVNHANERAGGIRGGGGFGAGGGYGGGGGYPTGGYGGGGYSSGGGGGYSSGGGGGYSSGGYAANGYGVGSGSGYGGTYSNASGGGYSGSDGYGNGAASGGYANNLSSGYNSNGRYNTIGSSDGNTGGYNSSPNPYGVGNYNTGGSSSSGGTLGEFGGGGFGGNNFAGNVTGGFSGGGASYGANKPQYNGDDDLLGEGFFDKEVAE
B4F8L8,MATVFLRSLAMAMADTALPPSHKLLPTVSLPLLPSSTRAAPLLLCASRRLPPAPLVASSDAVETNIEWVDDDEEEAGEAFDEEGGDVEEEVLASGDEGEGEYAAVEPPEEAKVYVGNLPYDIESEGLAQLFDQAGVVEVAEVIYNKETGQSRGFGFVTMSTIEEADKAIEMFNRYDISGRLLNVNRASPRGTRMERPPRQFAPAFRAYVGNLPWQADDSRLVQLFSEYGEVVNAAVVYDRETGRSRGFGFVTMVSKEELDDAISALDGQELDGRPLRVNVAAERPQRGF
B4FB39,MQSFKSKEYVRETFSWQYYYWYLTNDGIEHLRNYLNLPSEIVPATLKKSAKPPGRPFGSGPPGDRPRGPGRFDGDRPRFGDRDGYRGGPRGAPGDFGGDKSGAPAEFQPSFRRPGFGRGGGSGFGAGPTSSSME
B4FBV8,MAAQQKIRWGELEEDDGGDLDFLLPPRVVVGPDENGLKKVIEYRFDDDGNKVRVTTTTRVRKLARARLSRSAIERRQWPKFGDALKEDAGSRLTMVSTEEILLERPRAPGSKAEESAASGDPLAMASKGGAVLMVCRTCGKKGDHWTSKCPYKDLAPPTETFTDRPPTSDGPPAPGGPAKGAYVPPTMRGGADRTGDSMRRRNDENSVRVTNLSEDTREPDLLELFRAFGPVSRVYVAVDQKTGSSRGFGFVNFVHREDAEKAINKLNGYGYDNLILRVEWATPRPN
B4FCE3,MSSGGADKPGSGGGAVKTPSDFLKSIRGRPVVVKLNSGVDYRGILACLDGYMNIAMEQTEEYVNGQLKNKYGDAFIRGNNVLYISTTKRTLADGA
B4FDA8,MEYVNPLTGFRVDGRRPNEMRQLKGEVGVVARADGSALFEMGNTRVIAAVYGPREVQNKGQQVNSKEALVRCEYRMAEFSTGDRRRKPKGDRRSTEISLVIRQTMEASILTHLMPHSQIDIYVQVLQADGGTRSACINAATLALADAGIPMRDIATSCSAGYLCSTPLLDLNYLEDSAGGSDVTVGILAKMDKVTLLQMDAKLPIDTFENVMGLAIEGCKAIATYIREVLLENTKKLECQRG
B4FGK8,MPNLECRMYEQRFPEVDAAVMIQVKHIADMGAYVSLLEYNNIEGMILFSELSRRRIRSISSLIKVGRQEPAIVLRVDRDKGYIDLSKRRVSEEEAHACEDRYNKSKLVHSIMRHVAETLEIDLEPLYQRIGWPLYRKYGHAFEAFKLIVADPDAILDALTYEEKEVGPDGQEVTKVVPAVTPEVKDSLVKNIRRRMTPQPLKIRADIEMKCFQFDGVLHIKQAMKKAEAAGNDNCPVKIKLVAPPLYVLTTQTLDKDQGISVLTTAVKACTAEIEKYKGKLVVKEPPRAVSEREDKLFLDQIDSLMEQNAEVDGDADSEEEEDTGMGDVDITNSGVAAY
B4FHE9,MATAAAAAAPLDDAKAKNVIRQVEFYFSDSNLPRDGFLRRTVEESEDGLVSLALICSFSRMRSHLGLEGDAKPETVPEETVLAVADILRRSTALRVSEDGKKVGRSKELSKPDEVIEQVDSRTVAASPLPYNVKLEEVESFFAQCGKVNSVRLPRHVSDKRHFCGTALVEFSEEDEAKGVFEKNLIFAGADLEIRPKKEFDTEREAKKEAYEKSHPNKSSHGEGYPKGLILAFKLKKTADDGETGKSGGGKVDDTDLTKNNGASDATEKSSVENDEKITENRGNVSEEQADAVEELKGLSAGETLQSVPKVDKSPSNKDQDIISREDLKEEFTKFGTVRYVDFSIGEDSGFIRFEDPAAADKARAFAAIADEGGLTMKGHIVILEPVSGQAEKDYWSAIRGVQEKYKDSRNNRGRDWKNNRGGKQFGGGKRGRHFDSRDRASNKAQKV
B4FLX0,MASSCLSTAAAQLQLQLQLHLASSPVFPRPARAHHRLVAAHAVAVPVHRRRALAVTASASQEEAEATVVEEELEDVAERGREVQLQEQDEVQEEGAAVGASSDDSGPSVAASTTTTKLYFGNLPYNCDSAQLAGIVQEYASPEMVEVLYDRTTGRSRGFAFVTMTTVQDCELVIKNLDGSLYGGRTMKVNFADRPKPKQALYPETEHKLFVGNLSWTVTSEMLTEAFGRCGTVVGARVLYDGETGRSRGYGFVCYSTREEMDEALSSLNGMEMEGREMRVNLALGKK
B4FMA8,MGKAEARSRGRGGGGGGGGASGNPGKIFVGGLPRDTTDATFVRHFGQYGEIVDSVIMKDRHTSQPRGFGFITYSDPAVVDKVIEDNHVINGKQVEIKRTIPKGSVQSSSKDFKTKKIFVGGLPSTLTEDEFKSFFARYGTVVDHQIMFDHETKRSRGFGFIVFASEQVVDDLLANGNMVDLAGSKVEIKKAEPKKSSNAPPPPVHVRNARSAYDSGSRDHPSADNYGGMASAYGNYRGGGFGPYRSDTGFGARLSSYGGVGDFGGAYGRYYAGLGGGYGAASSFGYPGRFGLYGGGFGGSYAGADLSGYRRGGGDESFGAPGGNPGFGGDAEESFGGPSSSGFSGTAYGGAYDPTLGGYGSASTPDMNRGSFTGGYGRYHPYG
B4FNR5,MASGGPALEPLVDQVISVITNDGRNIVGTLRGFDQATNIILDESHERVYSRKEGVQQLVLGLYIIRGDNISVVGEVDEELDSRLDMSKLRAHPLKPVIH
B4FPJ2,MAAAEEEIAVKEPLDLIRLSLDERIYVKLRSDRELRGKLHAYDQHLNMILGDVEEVVTTVEIDDETYEEIVRTTKRTIPFLFVRGDGVILVSPPLRTA
B4FSW0,MIIPKKNRNEICKYLFKEGVLYAKKDYNLAKHPQIDVPNLQVIKLMQSFKSKEYVRETFSWQYYYWYLTNDGIEHLRNYLNLPSEIVPATLKKSAKPPGRPFGSGPPGDRPRGPGRFDGDRPRFGDRDGYRGGPRGAPGDFGGDKSGAPAEFQPSFRRPGFGRGGGSGFGAGPTSSSME
B6SIF0,MAAFNKLGGLLRHSALVSGITGGSSPAVFNAARLMSTKLFIGGLDWGVDDVKLREAFSSFGEVTEARVITDRETGRSRGFGFVNYSDSDAAKEAISAMDGKEIDGRQVRVNMANERPAGNRGGGGYGGGGYGGGGYGGGGGYGGGGYGGGSQSYDA
B6SP74,MAASDVEYRCFVGGLAWATDDHSLHNAFSTYGEVLESKIILDRETQRSRGFGFVTFSTEEAMRNAIEGMNGKELDGRNITVNEAQSRGGRGGGGGGYGGGRGGGGYGGGGRRDGGGGYGGGGGGYGGGGGYGGGGGGYGGGNRGGGYGNSDGNWRN
B6SXV2,MAPKKRKADPAESADAAEAAAGNHRQEPAPSEPKPRATIYFPITDDPPEPAAEEDEEDGAGEDEDDVEDIGKLLEPLSREQLVALLRTAAETSPATMAAVRRAVESDPASRKLFVHGLGWGASAEDLRSAFSCFGELEDCRVISDKQSGRSKGYGFVLFRSRRSALRALSRPQLQIGGRLAFCHLAASGPAPPASQSQNPSSNPNTNANSNSNTTTNASGSSSSQPDNMPRKIFVGNVHADVDVDRLYNYFAQFGEIEEGPFGFDKNTGKPKGFALFVYKSVESARRALEEPMKNFDGKTLNVQKAIDGRTKGSSGTNTNANSNPTTASVAAAAAAAQMTAPATAAISPYDPSAYGATAVPDMSFAQQAAMLGFGAQQQAFAQPNAMLAMIAAMQNPAALGMTPAMFAAMNPAFAAAALGAGGQQAQTAGLTGFGAQGFGTQAFGAGGAVFPNAAGVQAATAAYQGGGAPPGFQGPPGFQVGQATTQTSTAVAAAGYQAGAAGQGQVPGAQIGGTGFQGGY
B6T6E9,MYGQGPALFLGEFFPLPPLRPCRAAAAASTVRAKIRSSLSAIFGRRRQQDLREGFRVEMAGRKETALDLAKFVDKGVQVKLTGGRQVTGTLKGYDQLLNLVLDEAVENEREQDDPLKLSGKTRQLGLIVCRGTAVMLVSPTDGTDEIANPFLADGA
B6T6H4,MNGTGGSHHQQQHRLRQQQQQQALLMQQALQQQQQQHQYQSGVLAAAAAAAMTQMEPISNGNLPPGFDPSTCRSVYVGNVNPNVTESLLIEVFQSAGLVERCKLIRKEKSSFGFVDYYDRRSAALAIMTLHGRHIYGQAIKVNWAYASTQREDTSGHFHIFVGDLSSEVNDATLYACFSAYPSCSDARVMWDNKTGRSRGYGFVSFRNQQEAETAITEMTGKWLGSRQIRCNWATKTNSEEKPETDNHNAVVLTNGSSTNSATDASQDAGSKENPENNPDCTTVYVGNLGHEVNRDELHRHFYNLGVGAIEEIRVQQDKGFGFVRYSTHGEAALAIQMANGLVVRGKSIKCSWGNKPTPPGTTSKPLPPPVASYQPAVAMSGVPQGFTAAELLAYQRQLALSQAAAGQIAGQHGLAGQVSAGLLAAAGSQALYDGYPNQSSAQQLMYYN
B6TDJ0,MPPKLDPSQVVEVFVRVTGGEVGAASSLAPKIGPLGLSPKKIGEDIAKETAKDWKGLRVTVKLTVQNRQAKVSVVPSAAALVIKALKEPERDRKKVKNIKHSGNISLDDVIEIARTMRPRSMAKEMSGSVKEILGTCVSVGCTVDGKDPKDLQQEIDDGEVEIPSA
B6TJJ4,MGKKRKLEPKSAAGFTPVKASPTTRSATAKAAGLSEVLAPVEATMEKLPQGAGGEDVEEIEEEVEVEEEVEVEEEEEGESDQASIQALLDSFPKDQLVELLRDAAIAHGDVLTTIRRVADADPAQRKIFVHGLGWDTTTDTLTEAFGPYGEIEDLKVVTDRNTGKCKGYGFILFRHRSGARAALREPQKKIGNRSTACQLASVGPVPGGAPNSAAPAPVQLQLPPVSEYTQRKIFVSNVGADIDPQKLLQFFARFGEIEEGPLGLDKVTGKPKGFALFVYKTIESAKKALEEPHKHFEGVMLHCQKAIDGPKPNKLGGAGGFFGAGASSGGKGFAGYGATSHSLPGTVGIVQPMSPLAPGLASLPGGISAAPGVDPALGQALTALLATQQGGGLSFNSILGVGANGSGLPPQGPTGALGGSSVQGMQGGYMGGYGGSGGYGGASSGGPGRHYMGH
B6TP60,MASDRVLGTVKWFNGTKGFGFITPDDGSEDLFVHQSSIKSDGYRSLNDGDAVEYTVGSGNDGRAKALDVTAPGGGPLAGGERPDGGNGGGRGGYGGGDRGYGGGGDRGYGGGGDRGYGGGDRGYGGGGDRGYGGDRGYGGGGGYGGGYGGGGGGGGRGCFKCGEEGHMARDCSQGGGYGGGGGGGRGSECYNCGQEGHISRDCPNKRR
B6U471,MAAALFSSSLSPRFLALSSPKPAAPAATAFLPFRLPPRAVSAPGRRVFEPVAVAVSSEYKTEGAEQEGEDGSEEFSEDLKLFVGNLPFSVDSAQLAGLFEQAGSVEMVEVVYDRMTGRSRGFGFVTMSSAEEAEAAVEQFNGYAFQGRQLRVNCGPPPPRDESTPRAPRGGGGGGGGGFVDSANKVYVGNLAWGVDNSTLENLFSEQGQVLDAKVIYDRDSGRSRGFGFVTYGSAQEVNNAISNLDGIDLDGRQIRVTAAESKPRRQF
B7ZXJ1,MTPHRSPAGTGGSGGGGPPALHYLSGPYGDTTFTKVFVGGLAWETRSEGLRAHFEVYGDILEAVVITDRATGRSKGYGFVTFQDPESARMACMDPYPVIDGRRANCNLAILGRPGPAVPFVAPIRPVIPYNGGVAVPGGMYVQSPTYQQSPYNYPQAFVYSSYGPSAYGPEYLYQQNAYGPYVGQQYIPVYGGPRTVGPAVYPYGQSGQPVPSDHAYSLGYAPSRVLPLSNQNVNAANVVRIPPLQQFPPGAPRPQQQLLAPARAPPFPQNNVSEQATG
B8A0M3,MADADAALPTPPPEVVAPEEHPVGAESTVAAPAEVDNKRKLEEVSADAEVKGTSEDAKRPRVDGEPDAATGVEQQIDGSSVNADPAAPEDKAALNVGAAMDGDNNTPAPAPAPDSQAVSDEKPLEAAAEAPQQEGDAATAVQEISRKIEVPNSKVGVVIGKAGETIRNLQISSGAKIQITKDIEADSNALTRPVELVGTPGSVDKAEQLIKSVIAEAEAGGSPALIARGFGSGQPGSEQFEMTVPDNKVGLIIGKGGETIKGMQTKSGARIQLIPQHPPEGVTLTERIVRVTGNKKQIEAAKDLIKQAMNQTFSKHTNQSGGYGPQGYRPQGHGAASQLGPRSQNHGYGYPPRGMPPPQNYNAPYGGYPPQGPSRGGMGWDQRPGPPTHPSYQGGGSDYYKQGSQPYDSQPPSYPPGPGNYNSYGQSQGPNYGQPQYPQHAPQQNYSHGYGDPRYNAPPPNQQYYGQPPMAPQQGYPQQPDPYARPPYSGPGQWTPRGAPAADGSYQAPPSSYGPPSQQPPAYGQTYGAATGPDGYGQQGYPQQGGQVPASYGQSAPAAPGYPQQGTQQGGYAQYPQTQPAYGDQAAQPNANYGYQGAPADPNYGSAYPQQPGYGPPGQATGQAGYASSAPAASQPVYGQAGYTQPPTNPPSYDQSAAPAATQSGYAAPPANPQQPAAAKGVSPQPAAAAAAGYGASGQWTA
B8A134,MEADSGKLFVGGISWETDEDRLRAYFGRFGEVTEAVIMRDRNTGRARGFGFVVFADSGIAERVTLDKHMIDGRMVEAKKAVPRDDQSIASKNNSSIGSPGPGRTRKIFVGGLASNVTEVEFRRYFEQFGVITDVVVMYDHNTQRPRGFGFITYDSEDAVDKALHKNFHELNGKMVEVKRAVPKEQSPGPIARSPAGGQNYAMSRVHNFLNGFNQGYNPNPLGGYGMRVDGRYGLLTGARNGFSSFGPGYGMGMNAEGGMSAYFGASSGFANSSNGRQIGSYFNSSSNRLGSPIGYVGLNDDSGSILSSMSRNVWGNGNLNYTGNPTNTNSFAPPVGGGGIPGDEISWGNLTSVHGMGNISSLGPGNLGRGTGDNNFGLPSGTYVRSNSTGTIGEPFSASANPYESNNLGAYGSSSIYGDSTWRFNSSEVDIPPFGHDLGNVDPDIKSEISANYMGNYTVNNNQTSRGITS
B8A2G7,MDRYQRVEKPRNDTPISQNEIRITTQGRMRNYISYGMSLLEENGHDEISIKAMGRAINKTVMVVELIKRRVGGLHQNTATESVDITDTWEPLEEGLLPLETTRHVSMITVTLSKNPLDTSSPGYQPPIPAEEVKPAFDYDHEESYPTGRGRGRGGGRRGRGRGMSNGPPPPAYGYNEEWEEEGDYYNRGRGRGRLRGRGGRGRGGYYGGGRRGGYGYDYGYAPRGGYYEEQDEYYDEPEEYAPPPGRGRGRGRRGGMPWRGRGGRGPPRGGRGSYY
B8A305,MESDQGKLFIGGISWETTEEKLSEHFSAYGEVTQAAVMRDKITGRPRGFGFVVFADPAAVDRALQDPHTLDGRTVDVKRALSREEQQASKAANPSGGRNSGGGGGGGGGSDASGARTKKIFVGGLPSTLTEDGFRQYFETFGIVTDVVVMYDQNTQRPRGFGFITFDSEDAVDRVLQKTFHDLGGKLVEVKRALPREANPGGSGGGRSGGGGGYQSNNGHNTSSGSYDGRSDGGRYGQTQQGSGGGGYPGYGAGGYGAGAAGYGYGANPAVGYGNYGAGGYGGVPAAYGGHYGNPGAAGSGYQGGHPGSNRGPWGSQAPSAYGTGGYGGSAGYSAWNNSSGGGNALNSQAPGGPAGYGSQGYGYGGYGGDPSYASHGGYGAYGARIDSAGNPATGGSSGYNAGYGSGGANSGYSSAWSDPSQGGGFGGSVNGGAEGQSTYGTGYGSVQPRVAQ
C0P3W2,MDVPVDDPVENLTGSPSTLGNEEEATTYANVQDQSKEEPEKLYEEPKDPMQDELGNQGHVSMNNEDVGGQNKVDQATPTEHGEEAGVKQHDATVPDDKKWPGWPGESVFRILVPTTKVGAVIGRKGDFIKKMCEESRARIKVLEGPPAVPERAVMISAKDEPDTELPPAVDGLLRVHRRITDGLETETDQPQRATVNTGPTRLLVPASQAGSLIGKQGATIKSIQDASKCVLRIVENVPPVALNDDRVVEIQGEPHDSHKAVELIASHLRKFLVDRSVLPLFETQIKAHNMHREQPMPPPQAWGPPPPSPWGHPPPNLPPGGPGYVGNPHYMPPRPQENYYPPPDVPPVEKQPHYGISSYGRDAPPSAPPGNQNQAHGSSQVTHSMQVPLSYADAVIGAAGASISYIRRHSGATISIQEGAPGEMTVEITGSASQVQTAQQLIKNFMAEASPQGPPAPGPHGQPVDTGYGSYPPYGGASYGSPPGAPAPAPHNGGSYGAAPYSSSYGY
C0P488,MMQPPPPHQQQQWAMAPPPPPQYYQAGHPPPPPPQFYQAGPPPPAMWGQPPPQAAAAPAPAGGGAGDEARTLWIGDLQYWMDENYLYSCFSQAGEVISVKIIRNKQTGQPEGYGFIEFSNHAVAEQVLQNYNGQMMPNVNQPFKLNWATSGAGEKRGDDGSDYTIFVGDLASDVTDFILQDTFKSRYPSVKGAKVVFDRTTGRSKGYGFVKFADSDEQTRAMTEMNGQYCSSRAMRLGPASNKKNTGGPQPSSAIYQNTQGTDSDSDPNNTTVFVGGLDPSVTDELLKQTFSPYGELLYVKIPVGKRCGFVQYSNRASAEEAIRVLNGSQLGGQSIRLSWGRSPANKQPQQEQSQWSGGGYYGYPQGYDPYGYARPPQDPAMYAYAAYPGYGNYQQQPPQQPPPQQ
C0P539,MMQQPPPQQPQPGMAPPPPPQAAGGQPPQWGGIPPPMAQQYGAPPPQQPPAMWGQPPPQAHYGQAPTPQQYYAAPPVPVQAPAAPAAADEVRTLWIGDLQYWMDENYVFGCFSNTGEVQNVKLIRDKNSGQLQGYGFVEFTSRAAAERVLQTYNGQMMPNVDLTFRLNWASAGEKRDDTPEYTIFVGDLAADVTDYLLQETFRVHYPSVKGAKVVTDKLTMRTKGYGFVKFGDPTEQARAMTEMNGMPCSSRPMRIGPAASRKNTGGVVQERVPNSQGAQSENDPNNTTIFVGGLDPNVTEDTLKQVFSPYGEVVHVKIPVGKRCGFVQFVTRPSAEQALLMLQGALIGAQNVRLSWGRSLSNKQAQPQQESNQWGAAAGAGGYYGGYGQGYEAYGSGYAQPQDPNMYGYGAYGGYPNYQQQPAAQQQQQQQ
C0P558,MDPFSKKRKPDDNGAVTASPAGGAATLGLTREDVLRLLEPLSRDQLADIAAAAALVSAHALDAVRAAADRDPALRKLFIRGLGWETTSDSLRAIFSAYGDLEEAVVITDKSTGRSKGYGFVTFRHADSAVLALKEPSKKIDGRMTVTQLAAAGSAGGPSVGAPGSGGAPVADVSLRKIFVGNVPADMSSERLLAHFASYGEIEEGPLGFDKQTGKFRGFALFVYKTPEGAQASLVDSVKVIDSHQLVCKLAIDGKKGKQGQSQQSGPGNQQQQQQQQMLPGGPQEIQGGLGLGSQMGAQYGGPGSGMPSFGFGGVGGGFGGPNPYANMPSSMGGGGAGGLGSVGGQVPTGLAGAGGFGPGGLGGGSFGGSSQFGAAGMGAYGGLGMGGGSMYRMQQGAGGLPAGAFGEGGNYPLPGSGFRGHDPQGGMSPPGPGGRAPPMYPNVPPYF
C0P6Q4,MEAPGSPYASSPESAPKRAPRSPPQQQQSPSEEGDDKEKPTHLRFLVSNTAAGCIIGKGGSTINDFQSQSGARIQLSRSNEFFPGTNDRIIMVSGLFDEVMKAMELILEKLLAEGEEFNEAEARPKVRLVVPNSSCGGIIGKGGATIKSFIEESHAGIKISPQDNNYVGLHDRLVTITGTFDNQMNAIDLILKKLSEDVHYPPNLSSPFPYAGLTFPSYPGVPVGYMIPQVPYSNAVNYGPNNGYGGRYQNNKPTTPMRSPASNEAQESLTIGIADEHIGAVVGRAGRNITEIIQASGARIKISDRGDYISGTSDRKVTITGTPEAIRTAESMIMQRVSASSER
C0P8S9,MAGYPEDNQHALNGYDDEEVDEEGHPGRRGGRDGASGYGDAGGEDVRGAGGDSSGKIFVGGVAWETTEESFSKHFEKYGAITDSVIMKDKHTKMPRGFGFVTFSDPSVIDKVLEDEHVIDGRTVEVKRTVPREEMNTKDGPKTRKIFIGGLPASLTEDELKDHFSLYGKVLEHQIMLDHSTGRSRGFGFVTFESEDSVERVISEGRMRDLGGKQVEIKKAEPKKHGSDNIGNGRSSQGGGGYRSTYRGGGGAGSGSSGSGGGGYGFGDAYRSAAASYGYDGGAGAGYGYGRGYGYGGNAGFASGFGGGYGGSMYGGAYGAYGAYGGGAYGGGAYGGGAYGGSAYGGAPGGGYGTGGYGSYGGAGGTGGGSTGARGSSRYHPYGK
C0PF88,MSEPSKVIHIRNVGHEIAESDLLQLLQPFGMVSKIVMLRAKNQALLQMEDLHASVSALQYYTSVQPSIRGRNVYMQFSSHQELTTDQSSHGRNSDQGSEPNRILLVTIHHMIYPITVEILHQVFKAYGFVEKIVTFQKSAGFQALIQYHSRQEAVEAFGSLHGRNIYDGCCQLDIQYSNLSELQVHYNNDRSRDFTNPSLPTEQRPRASQQGYLDPANLYAFQQAGASYAQMGRVAMIAAAFGGTLPHGVTGTNERCTLIVSNLNTDKIDEDKLFNLFSLYGNIVRIKILRNKPDHALVEMADGLQAELAVHYLKGSILFGKKLEVNYSKYPNITPAPDAHDYLNSSINRFNSNVVKNYRHCCSPTKMIHISALPQDISEEAILNHVSEHGTVLNTKLFEVNGKRQALILFKSEEEATEALVSKHASTLEGNTIRISFSQMQSI
C0PFQ6,MAGRGGGGKGAAGRMMSLQEFVSCMQPLIDLEKAAEISAESETSAKSLERRGCVIANLKCTDAQTGLMGKTLLEFQPNKGDVLPSHKFGTHDVVALKPNKADAGSASLGQGVVYRLKDSSITVAFDDIPEDGLNSPLRLEKLANEVTYRRMKDALIELSKAVQTGPCANLVPVLFGEKAPMRSKDAMKFSPFNKNLDDSQKEAISKALGSRDVFLLHGPPGTGKTTTIIEIILQEVKRGSKILACAASNIAVDNIVERLARYRTKLVRLGHPARLLPQVLDSALDAQVLRADNSSLAGDIRKEMKVLNSKLLKAKDRNTKRDIRKELKTLAKEERKRQQLAVTDVLKNADVVLTTLTGASSKKLNGITFDLVVIDEAAQALEVACWIALLKGPRCILAGDHLQLPPTIQSVEAEKKGMGKTLFERLTEAYGEEITSMLTVQYRMHEHIMSWSSKELYNNKIKAHSSVAGHMLYDLEEVTRSSSTEPTIVLIDTTGCDMEEVKDEEESTMNEGEAAVSIAHAKLLVESGVNASDIGIITPYAAQVTCLKMMRNKDAKLKDLEISTVDGFQGREKEAIIISMVRSNSKKEVGFLSDHRRMNVAVTRARRQCCLVCDVETVSSDRFLKRLVEYFEENGEYLSASEYQSS
C0PHE3,MAGMAPEGSQFDAKHYDSKMQELLSTGETEEFFTSYDEVFESFDDMGLQENLLRGIYAYGFEKPSAIQQRGIVPFCKGLDVIQQAQSGTGKTATFCSGILQQLDYGLVECQALVLAPTRELAQQIEKVMRALGDYLGVKVHACVGGTSVREDQRILGSGVHVVVGTPGRVFDMLRRQSLRPDNIKMFVLDEADEMLSRGFKDQIYDIFQLLPAKIQVGVFSATMPPEALEITRKFMNKPVRILVKRDELTLEGIKQFYVNVDKEDWKLDTLCDLYETLAITQSVIFVNTRRKVDWLTDKMRSRDHTVSATHGDMDQNTRDIIMREFRSGSSRVLITTDLLARGIDVQQVSLVINYDLPTQPENYLHRIGRSGRFGRKGVAINFVTRDDERMLFDIQKFYNVLIEELPANVADLL
C0PIH9,MAAAPAASSSTSGSPAAGGPRSRFGDTTLTKVFVGGLAWETPSEGLRQHFERYGDILEAVVITDRLTGRSKGYGFVTFREPEAARRAVQDPNPTIAGRRANCNIASLGPPRPTQPGVAGRGGPYTVGPHHLQVPQFVPRAPASPLQMMVPQQQQQHGGAPAAAIYPSPQFGYCWYPPDFQYQQALASPQALQNYYAQLYGLTTSPSAAAAPYHHQYLGYMAPPPPTPRMILPPPPPLAAQQVTAVQPLVQHPPPPAQQVTVQPLLQHPPPQIHAPFFPAPSLPQHNFRLHPPPQAMAVLPPNTTAGGSLPPADQAAAPAARATNASSTRPGA
C0PLI2,MAAAARQRGTVKWFNDTKGFGFISPEDGSEDLFVHQSSIKSEGFRSLAEGEEVEFSVSEGDDGRTKAVDVTGPDGSFVRGGGGGGGGGGGYGSRGGGGSGGGGRSYGGSWGGGRRSGGGGGPGACYKCGEPGHMARDCPSADGGGGYGGGGYGGGGYGGGGGGGGGCFKCGEPGHMARDCSSGGGGYGGGGGGGGGGCYNCGQAGHMARDCPSGGGGGGGRFGGGGGGGGDRSCYNCGEAGHIARDCPT
C4IYC2,MLPLSLLKTAQGHPMLVELKNGETYNGHLVNCDTWMNIHLREVICTSKDGDKFWRMPECYIRGNTIKYLRVPDEVIDKVQEETSKSRSDRKPPGVGRGRGRGDVGAKPGGRGIGRGQDDGGRGSGGRGRGGVGAKGGNKGGGRGRG
C4J3A0,MATQQQHAGPASGSASASSSSSGLHLPASPSAFGDTTHTKVFVGGLAWETNSGRLRRFYERFGDILEAVVITDRHSGRSKGYGFVGASRFHFFFAVFFLASRVCVCARWMSCEDVLVFLLSLLPQVTFREAESARKACEDPTPVIDGRRANCNLASLGRAQHPVHPGRPSSAGSYFGVPVPRAFYLGGYGHHRPFPLGYYQGFPVPQYSYPSYGTEYISPQGTLNPYPAQQYLPIYGVSAAANTANQTFNQLNPYISGGGNGYMSVHSYNMPGNQYVQLTGSNFSSASPTAQPSCQTPFLVATPVPAHPHLIIPAPSPQFTQASGSDQRAS
C4J594,MRSSWADSVANAEESAPATAAANGSVANHSNSRPTRSSYVPPHLRGRSAGAAVGAQAGSVAPAQGGPLPLAAAQPSGQGAVVGGPRWAGIVNGGGGGSVGAPRQGYGGGGGGGGRGAWNSRPGGWDRRDREPDPFAKAEAEEVDFDGQENTGINFDAYEDIPVETSGHDVPAPVNTFAEIDLGDALNENIRRCKYVKPTPLQRYAIPISIAGRDLMACAQTGSGKTAAFCFPIISGILKSPKPHQRSRSTRTACPLALILSPTRELSVQIHEEARKFAYQTGVRVVVAYGGAPITNQLRELERGVEILVATPGRLMDLLERARVSLQMIKYLALDEADRMLDMGFEPQIRKIVEGMDMPQRGERQTMLFSATFPKEIQRMAADFLADYIFLAVGRVGSSTDLIVQRVEFVLDSDKRSYLMDLIHAQKANGTHGKHALTLVFVETKRGADALEDWLFRNGFPATSIHGDRTQQEREHALRSFKSGATPILVATDVAARGLDIPHVAHVINFDLPNDIDDYVHRIGRTGRAGKSGLATAFFNESNTTLARPLSDLMKEANQEVPKWLDGYAARSAYGGGGGRNRRQGSGARFGGRDFRRDRGSGGSYGGGGGGGGGYGGSSGYGGAYGGGGSSGYGGGQSTSSWD
Q41834,MASSVAVSLRALAAAPLPKSSPATSCPFFVLLAPALPRRLLRLRSARRLPLAPLAASDSAFESSVGVNYAEPDDSEKDKEVELFGSGDDEGAGELVDDHSVEVSAAVEDEVEEEVGEYVEPPEEAKVYVGNLPYDVDSERLAQLFDQAGVVEVAEVIYNRETDQSRGFGFVTMSTVEEAEKAVEMFHRYDVNGRLLTVNKAAPRGSRVDRPPRQSGPSLRIYVGNLPWQVDDSRLVELFSEHGKVVDARVVYDRETGRSRGFGFVTMASQDELDDAIAALDGQSLDGRALRVNVAEERPRRGF
